index,ArXiv,FreeLaw,NIH ExPorter,PubMed Central,Wikipedia (en),DM Mathematics,Github,PhilPapers,Stack Exchange,Enron Emails,Gutenberg (PG-19),Pile-CC,Ubuntu IRC,EuroParl,HackerNews,PubMed Abstracts,USPTO Backgrounds
1,0.0,0.0,0.0,0.0,0.0,0.0,0.0,0.004,0.0,0.0,0.209,0.787,0.0,0.0,0.0,0.0,0.0
2,0.025,0.002,0.05,0.0,0.047,0.0,0.304,0.009,0.003,0.001,0.103,0.299,0.024,0.04,0.09,0.001,0.0
3,0.679,0.0,0.0,0.044,0.0,0.001,0.0,0.003,0.0,0.001,0.0,0.269,0.0,0.0,0.0,0.003,0.0
4,0.008,0.025,0.0,0.007,0.015,0.0,0.315,0.0,0.216,0.0,0.109,0.006,0.0,0.009,0.0,0.054,0.237
5,0.193,0.003,0.0,0.06,0.01,0.061,0.031,0.0,0.417,0.0,0.128,0.022,0.0,0.008,0.001,0.0,0.067
6,0.506,0.005,0.0,0.011,0.138,0.0,0.21,0.0,0.0,0.002,0.0,0.0,0.026,0.099,0.0,0.001,0.001
7,0.0,0.0,0.009,0.319,0.016,0.004,0.0,0.001,0.028,0.019,0.004,0.185,0.008,0.0,0.004,0.001,0.402
8,0.0,0.567,0.014,0.0,0.0,0.0,0.0,0.022,0.0,0.0,0.003,0.393,0.0,0.0,0.0,0.0,0.0
9,0.0,0.0,0.0,0.828,0.003,0.0,0.0,0.0,0.0,0.0,0.0,0.0,0.0,0.0,0.0,0.169,0.0
10,0.006,0.0,0.0,0.307,0.59,0.0,0.005,0.0,0.036,0.0,0.014,0.042,0.0,0.0,0.0,0.0,0.0
11,0.0,0.924,0.0,0.0,0.003,0.0,0.004,0.0,0.001,0.0,0.019,0.0,0.0,0.0,0.0,0.049,0.0
12,0.0,0.59,0.046,0.134,0.002,0.0,0.0,0.013,0.002,0.0,0.171,0.0,0.0,0.0,0.0,0.04,0.0
13,0.0,0.006,0.0,0.818,0.0,0.0,0.0,0.0,0.0,0.002,0.0,0.161,0.0,0.001,0.012,0.0,0.0
14,0.0,0.009,0.034,0.186,0.046,0.019,0.072,0.008,0.026,0.0,0.078,0.013,0.035,0.002,0.108,0.344,0.021
15,0.003,0.0,0.001,0.016,0.13,0.008,0.1,0.001,0.379,0.0,0.033,0.004,0.0,0.003,0.027,0.214,0.079
16,0.094,0.07,0.022,0.131,0.002,0.222,0.1,0.006,0.133,0.0,0.04,0.0,0.087,0.02,0.0,0.003,0.07
17,0.533,0.179,0.003,0.0,0.001,0.005,0.013,0.0,0.131,0.001,0.005,0.028,0.043,0.0,0.001,0.0,0.056
18,0.0,0.005,0.025,0.24,0.018,0.012,0.028,0.019,0.103,0.0,0.0,0.429,0.084,0.001,0.002,0.033,0.0
19,0.156,0.178,0.039,0.004,0.067,0.009,0.0,0.001,0.061,0.002,0.0,0.386,0.023,0.027,0.043,0.0,0.003
20,0.001,0.0,0.016,0.396,0.04,0.0,0.022,0.0,0.0,0.0,0.151,0.227,0.022,0.006,0.014,0.104,0.001
21,0.739,0.002,0.0,0.032,0.061,0.0,0.014,0.002,0.0,0.0,0.0,0.0,0.062,0.0,0.043,0.0,0.046
22,0.004,0.118,0.011,0.004,0.0,0.026,0.181,0.02,0.0,0.0,0.395,0.0,0.0,0.072,0.0,0.0,0.169
23,0.002,0.024,0.0,0.4,0.006,0.0,0.049,0.0,0.002,0.0,0.0,0.0,0.148,0.004,0.0,0.12,0.245
24,0.0,0.694,0.0,0.0,0.0,0.0,0.009,0.0,0.0,0.006,0.009,0.0,0.0,0.016,0.0,0.0,0.265
25,0.0,0.296,0.0,0.113,0.0,0.0,0.0,0.009,0.552,0.0,0.0,0.0,0.021,0.001,0.0,0.007,0.0
26,0.377,0.003,0.002,0.514,0.052,0.0,0.001,0.0,0.005,0.0,0.0,0.001,0.02,0.0,0.0,0.014,0.01
27,0.0,0.258,0.0,0.234,0.101,0.011,0.029,0.008,0.001,0.001,0.125,0.004,0.003,0.0,0.066,0.158,0.001
28,0.013,0.319,0.0,0.0,0.003,0.153,0.014,0.055,0.334,0.0,0.065,0.029,0.0,0.0,0.0,0.0,0.014
29,0.002,0.0,0.0,0.001,0.0,0.0,0.0,0.0,0.0,0.0,0.301,0.011,0.0,0.012,0.0,0.001,0.673
30,0.0,0.001,0.0,0.002,0.151,0.0,0.142,0.0,0.0,0.0,0.279,0.0,0.004,0.0,0.0,0.0,0.422
31,0.082,0.013,0.0,0.006,0.308,0.001,0.003,0.0,0.0,0.0,0.372,0.062,0.0,0.0,0.01,0.142,0.001
32,0.0,0.944,0.0,0.0,0.0,0.0,0.0,0.0,0.0,0.0,0.0,0.028,0.0,0.001,0.0,0.007,0.019
33,0.0,0.0,0.0,0.0,0.0,0.0,0.385,0.0,0.0,0.0,0.4,0.214,0.0,0.0,0.0,0.001,0.0
34,0.0,0.019,0.002,0.017,0.0,0.0,0.772,0.001,0.043,0.001,0.024,0.0,0.021,0.101,0.0,0.0,0.0
35,0.0,0.0,0.0,0.003,0.346,0.194,0.0,0.0,0.445,0.0,0.0,0.0,0.012,0.0,0.0,0.0,0.0
36,0.577,0.0,0.016,0.136,0.0,0.007,0.0,0.0,0.132,0.0,0.066,0.0,0.064,0.001,0.0,0.0,0.0
37,0.005,0.013,0.04,0.184,0.342,0.068,0.029,0.0,0.013,0.0,0.006,0.003,0.0,0.002,0.024,0.077,0.192
38,0.009,0.015,0.0,0.0,0.0,0.0,0.0,0.0,0.0,0.0,0.0,0.648,0.0,0.066,0.0,0.008,0.253
39,0.0,0.042,0.046,0.007,0.37,0.02,0.002,0.006,0.457,0.0,0.008,0.004,0.0,0.0,0.014,0.0,0.024
40,0.041,0.487,0.0,0.36,0.0,0.0,0.0,0.0,0.043,0.0,0.0,0.038,0.0,0.0,0.001,0.031,0.0
41,0.034,0.0,0.002,0.005,0.02,0.011,0.783,0.016,0.001,0.0,0.061,0.022,0.011,0.015,0.001,0.01,0.008
42,0.006,0.001,0.001,0.026,0.109,0.012,0.376,0.0,0.0,0.0,0.03,0.001,0.0,0.114,0.119,0.022,0.184
43,0.327,0.0,0.033,0.0,0.145,0.083,0.007,0.0,0.131,0.002,0.2,0.035,0.0,0.019,0.004,0.0,0.015
44,0.003,0.19,0.0,0.506,0.0,0.051,0.057,0.002,0.14,0.0,0.005,0.004,0.0,0.042,0.0,0.0,0.0
45,0.904,0.024,0.017,0.0,0.0,0.002,0.0,0.001,0.045,0.002,0.001,0.005,0.0,0.0,0.0,0.0,0.0
46,0.008,0.022,0.0,0.351,0.278,0.002,0.052,0.008,0.052,0.0,0.028,0.093,0.028,0.0,0.041,0.038,0.0
47,0.0,0.0,0.019,0.0,0.547,0.004,0.0,0.001,0.0,0.0,0.0,0.0,0.017,0.003,0.032,0.0,0.378
48,0.118,0.0,0.003,0.204,0.04,0.0,0.0,0.0,0.366,0.0,0.003,0.0,0.0,0.0,0.0,0.0,0.266
49,0.708,0.164,0.012,0.0,0.0,0.0,0.0,0.0,0.0,0.0,0.0,0.072,0.0,0.0,0.0,0.0,0.044
50,0.546,0.018,0.0,0.057,0.13,0.006,0.0,0.014,0.0,0.017,0.0,0.006,0.001,0.0,0.11,0.017,0.078
51,0.0,0.0,0.0,0.0,0.0,0.0,0.672,0.0,0.13,0.0,0.0,0.004,0.0,0.0,0.0,0.193,0.0
52,0.064,0.581,0.011,0.002,0.0,0.011,0.0,0.0,0.049,0.0,0.027,0.0,0.0,0.0,0.0,0.149,0.105
53,0.0,0.642,0.001,0.004,0.001,0.002,0.014,0.0,0.0,0.0,0.009,0.0,0.0,0.027,0.0,0.016,0.283
54,0.099,0.0,0.0,0.0,0.0,0.003,0.007,0.0,0.001,0.0,0.0,0.828,0.0,0.0,0.0,0.0,0.063
55,0.108,0.497,0.0,0.0,0.0,0.0,0.0,0.001,0.088,0.002,0.029,0.013,0.0,0.0,0.007,0.255,0.0
56,0.053,0.009,0.02,0.009,0.0,0.008,0.008,0.013,0.089,0.0,0.204,0.282,0.043,0.002,0.022,0.049,0.191
57,0.0,0.0,0.0,0.0,0.0,0.0,0.0,0.0,0.0,0.0,0.139,0.86,0.0,0.002,0.0,0.0,0.0
58,0.019,0.0,0.0,0.0,0.108,0.0,0.143,0.0,0.0,0.0,0.005,0.725,0.0,0.0,0.0,0.0,0.0
59,0.278,0.0,0.035,0.573,0.0,0.0,0.0,0.0,0.014,0.0,0.0,0.0,0.0,0.0,0.0,0.099,0.0
60,0.311,0.0,0.0,0.087,0.003,0.0,0.008,0.0,0.382,0.0,0.105,0.0,0.0,0.038,0.0,0.066,0.0
61,0.022,0.274,0.0,0.0,0.003,0.001,0.01,0.0,0.287,0.0,0.002,0.011,0.0,0.0,0.109,0.28,0.0
62,0.11,0.005,0.0,0.301,0.011,0.003,0.083,0.009,0.219,0.008,0.0,0.001,0.003,0.063,0.0,0.0,0.184
63,0.029,0.034,0.011,0.0,0.0,0.0,0.0,0.0,0.262,0.0,0.013,0.068,0.001,0.007,0.0,0.546,0.029
64,0.601,0.005,0.012,0.295,0.0,0.001,0.036,0.0,0.0,0.0,0.0,0.011,0.01,0.017,0.0,0.001,0.012
65,0.091,0.026,0.0,0.0,0.001,0.0,0.0,0.0,0.003,0.0,0.067,0.786,0.0,0.0,0.014,0.002,0.01
66,0.0,0.0,0.0,0.018,0.0,0.0,0.002,0.0,0.047,0.0,0.002,0.574,0.0,0.057,0.002,0.109,0.19
67,0.003,0.084,0.007,0.012,0.465,0.045,0.078,0.0,0.0,0.0,0.065,0.0,0.0,0.0,0.01,0.003,0.229
68,0.0,0.003,0.019,0.0,0.0,0.221,0.005,0.0,0.082,0.021,0.138,0.445,0.0,0.0,0.0,0.066,0.0
69,0.001,0.0,0.001,0.0,0.0,0.0,0.0,0.002,0.0,0.0,0.0,0.89,0.049,0.044,0.013,0.0,0.0
70,0.0,0.0,0.0,0.853,0.0,0.0,0.0,0.0,0.0,0.0,0.0,0.001,0.0,0.0,0.029,0.117,0.0
71,0.0,0.021,0.0,0.099,0.002,0.0,0.502,0.003,0.001,0.0,0.0,0.005,0.0,0.004,0.077,0.019,0.267
72,0.038,0.024,0.0,0.363,0.006,0.138,0.185,0.003,0.021,0.0,0.072,0.037,0.041,0.02,0.026,0.016,0.01
73,0.001,0.359,0.0,0.0,0.175,0.108,0.108,0.0,0.005,0.0,0.0,0.0,0.0,0.0,0.022,0.221,0.002
74,0.626,0.0,0.0,0.019,0.05,0.02,0.0,0.0,0.203,0.0,0.0,0.075,0.0,0.0,0.006,0.0,0.0
75,0.0,0.327,0.003,0.084,0.001,0.007,0.004,0.0,0.081,0.011,0.23,0.045,0.012,0.078,0.0,0.0,0.117
76,0.561,0.378,0.0,0.0,0.0,0.025,0.0,0.0,0.0,0.0,0.022,0.001,0.0,0.0,0.0,0.011,0.001
77,0.001,0.353,0.0,0.354,0.0,0.0,0.0,0.0,0.061,0.0,0.001,0.0,0.0,0.002,0.01,0.18,0.038
78,0.471,0.401,0.0,0.079,0.007,0.0,0.0,0.0,0.0,0.0,0.031,0.0,0.003,0.002,0.0,0.005,0.001
79,0.659,0.0,0.0,0.001,0.0,0.025,0.0,0.0,0.167,0.0,0.0,0.0,0.14,0.008,0.0,0.0,0.0
80,0.001,0.013,0.0,0.0,0.261,0.058,0.203,0.047,0.0,0.006,0.0,0.342,0.064,0.001,0.0,0.0,0.004
81,0.0,0.469,0.017,0.041,0.006,0.0,0.0,0.005,0.271,0.0,0.0,0.0,0.0,0.001,0.003,0.0,0.187
82,0.0,0.0,0.0,0.04,0.599,0.0,0.0,0.0,0.008,0.01,0.0,0.005,0.052,0.0,0.0,0.0,0.286
83,0.0,0.0,0.0,0.0,0.0,0.0,0.0,0.0,0.988,0.0,0.001,0.001,0.0,0.0,0.007,0.002,0.0
84,0.154,0.0,0.0,0.0,0.007,0.11,0.003,0.0,0.355,0.0,0.002,0.225,0.121,0.0,0.0,0.024,0.0
85,0.0,0.0,0.0,0.0,0.0,0.155,0.724,0.004,0.002,0.001,0.031,0.0,0.028,0.055,0.0,0.0,0.001
86,0.0,0.015,0.029,0.002,0.0,0.012,0.178,0.01,0.0,0.01,0.001,0.009,0.044,0.0,0.008,0.002,0.678
87,0.179,0.001,0.003,0.013,0.052,0.0,0.187,0.005,0.234,0.007,0.0,0.001,0.013,0.051,0.098,0.156,0.001
88,0.716,0.147,0.0,0.004,0.001,0.001,0.0,0.0,0.0,0.015,0.065,0.0,0.004,0.002,0.0,0.045,0.0
89,0.064,0.179,0.002,0.0,0.108,0.001,0.156,0.0,0.0,0.0,0.0,0.157,0.11,0.0,0.025,0.0,0.197
90,0.576,0.04,0.0,0.021,0.0,0.0,0.096,0.0,0.019,0.0,0.022,0.21,0.0,0.0,0.0,0.014,0.001
91,0.169,0.0,0.011,0.009,0.0,0.0,0.063,0.0,0.155,0.0,0.031,0.002,0.0,0.0,0.107,0.452,0.0
92,0.018,0.091,0.0,0.25,0.0,0.217,0.32,0.0,0.0,0.0,0.0,0.0,0.008,0.0,0.002,0.008,0.085
93,0.007,0.276,0.0,0.012,0.0,0.0,0.475,0.0,0.001,0.0,0.0,0.037,0.0,0.001,0.0,0.0,0.19
94,0.0,0.0,0.0,0.053,0.001,0.059,0.432,0.0,0.028,0.0,0.223,0.008,0.005,0.038,0.0,0.149,0.004
95,0.002,0.074,0.0,0.0,0.339,0.021,0.013,0.0,0.002,0.003,0.132,0.15,0.036,0.006,0.033,0.003,0.185
96,0.553,0.0,0.0,0.0,0.0,0.0,0.103,0.0,0.0,0.0,0.0,0.003,0.004,0.0,0.0,0.269,0.067
97,0.046,0.009,0.005,0.001,0.002,0.0,0.001,0.0,0.102,0.0,0.109,0.342,0.129,0.072,0.069,0.115,0.0
98,0.013,0.014,0.0,0.012,0.304,0.013,0.0,0.0,0.16,0.0,0.078,0.151,0.0,0.0,0.043,0.0,0.213
99,0.068,0.0,0.019,0.0,0.439,0.009,0.0,0.014,0.325,0.0,0.0,0.0,0.017,0.0,0.0,0.024,0.086
100,0.232,0.0,0.021,0.0,0.008,0.0,0.021,0.029,0.045,0.009,0.213,0.246,0.028,0.002,0.001,0.0,0.144
101,0.009,0.13,0.0,0.0,0.0,0.0,0.002,0.0,0.0,0.0,0.001,0.328,0.0,0.0,0.0,0.513,0.018
102,0.01,0.058,0.008,0.202,0.0,0.0,0.101,0.001,0.0,0.0,0.062,0.154,0.025,0.0,0.021,0.007,0.351
103,0.004,0.0,0.0,0.936,0.0,0.0,0.0,0.0,0.045,0.015,0.0,0.001,0.0,0.0,0.0,0.0,0.0
104,0.0,0.008,0.02,0.002,0.019,0.0,0.359,0.0,0.59,0.0,0.0,0.002,0.0,0.0,0.0,0.0,0.0
105,0.009,0.204,0.033,0.128,0.0,0.0,0.0,0.001,0.114,0.0,0.127,0.166,0.043,0.045,0.092,0.036,0.003
106,0.028,0.155,0.0,0.0,0.439,0.001,0.0,0.0,0.013,0.0,0.008,0.0,0.0,0.085,0.004,0.266,0.0
107,0.009,0.0,0.0,0.043,0.003,0.043,0.0,0.042,0.403,0.009,0.075,0.06,0.0,0.092,0.011,0.196,0.015
108,0.0,0.0,0.0,0.0,0.002,0.004,0.0,0.0,0.072,0.0,0.0,0.665,0.0,0.006,0.029,0.014,0.209
109,0.005,0.549,0.013,0.001,0.01,0.0,0.05,0.0,0.0,0.004,0.053,0.238,0.001,0.008,0.0,0.069,0.0
110,0.001,0.317,0.0,0.583,0.0,0.021,0.0,0.0,0.0,0.0,0.0,0.075,0.0,0.001,0.0,0.0,0.002
111,0.0,0.0,0.0,0.009,0.055,0.008,0.678,0.0,0.051,0.0,0.006,0.006,0.0,0.0,0.0,0.186,0.0
112,0.148,0.005,0.0,0.018,0.008,0.0,0.0,0.002,0.0,0.0,0.0,0.199,0.0,0.0,0.0,0.0,0.619
113,0.005,0.0,0.0,0.0,0.0,0.0,0.0,0.0,0.976,0.0,0.0,0.0,0.0,0.008,0.011,0.0,0.0
114,0.0,0.003,0.005,0.124,0.014,0.032,0.653,0.002,0.096,0.004,0.014,0.0,0.009,0.013,0.0,0.03,0.0
115,0.109,0.336,0.0,0.011,0.05,0.09,0.0,0.0,0.291,0.0,0.07,0.007,0.0,0.035,0.0,0.0,0.0
116,0.0,0.0,0.006,0.051,0.016,0.004,0.908,0.005,0.0,0.001,0.0,0.006,0.0,0.0,0.0,0.003,0.0
117,0.0,0.696,0.016,0.0,0.002,0.0,0.0,0.005,0.181,0.0,0.0,0.083,0.0,0.0,0.006,0.0,0.011
118,0.0,0.0,0.0,0.104,0.019,0.0,0.101,0.011,0.425,0.0,0.144,0.17,0.0,0.0,0.026,0.001,0.0
119,0.351,0.448,0.0,0.009,0.08,0.001,0.02,0.0,0.0,0.0,0.083,0.0,0.009,0.0,0.0,0.0,0.0
120,0.0,0.0,0.0,0.005,0.021,0.008,0.903,0.0,0.0,0.0,0.002,0.0,0.048,0.0,0.0,0.011,0.002
121,0.132,0.296,0.002,0.001,0.003,0.031,0.013,0.0,0.04,0.003,0.24,0.164,0.018,0.001,0.006,0.042,0.009
122,0.0,0.02,0.0,0.0,0.002,0.0,0.402,0.0,0.0,0.0,0.0,0.426,0.005,0.038,0.001,0.0,0.106
123,0.018,0.074,0.0,0.461,0.0,0.0,0.016,0.0,0.342,0.0,0.0,0.076,0.0,0.013,0.0,0.0,0.001
124,0.714,0.012,0.031,0.021,0.004,0.0,0.0,0.0,0.0,0.0,0.043,0.172,0.003,0.0,0.0,0.0,0.001
125,0.0,0.002,0.035,0.453,0.0,0.182,0.022,0.052,0.143,0.002,0.002,0.0,0.018,0.012,0.073,0.001,0.002
126,0.0,0.002,0.0,0.004,0.145,0.0,0.0,0.0,0.001,0.0,0.0,0.536,0.0,0.029,0.013,0.0,0.27
127,0.059,0.001,0.0,0.002,0.003,0.062,0.802,0.001,0.0,0.0,0.007,0.008,0.021,0.008,0.007,0.0,0.018
128,0.0,0.029,0.012,0.0,0.0,0.0,0.0,0.0,0.009,0.0,0.032,0.248,0.0,0.0,0.075,0.152,0.443
129,0.228,0.001,0.013,0.158,0.0,0.009,0.056,0.0,0.385,0.0,0.002,0.0,0.0,0.029,0.111,0.007,0.0
130,0.0,0.0,0.0,0.0,0.0,0.0,0.296,0.0,0.0,0.023,0.0,0.648,0.029,0.0,0.003,0.0,0.0
131,0.0,0.0,0.0,0.841,0.0,0.0,0.0,0.0,0.0,0.001,0.0,0.0,0.0,0.0,0.005,0.0,0.152
132,0.041,0.315,0.004,0.172,0.02,0.003,0.045,0.0,0.39,0.0,0.0,0.01,0.0,0.0,0.0,0.0,0.0
133,0.011,0.0,0.02,0.021,0.0,0.0,0.0,0.001,0.112,0.003,0.0,0.001,0.024,0.014,0.002,0.167,0.622
134,0.01,0.017,0.0,0.586,0.082,0.014,0.072,0.002,0.046,0.0,0.0,0.0,0.136,0.0,0.0,0.033,0.002
135,0.46,0.002,0.0,0.081,0.009,0.022,0.016,0.005,0.197,0.016,0.0,0.103,0.005,0.063,0.0,0.02,0.0
136,0.0,0.018,0.054,0.059,0.0,0.225,0.159,0.008,0.0,0.0,0.085,0.187,0.162,0.0,0.039,0.001,0.002
137,0.106,0.035,0.037,0.028,0.082,0.04,0.003,0.0,0.116,0.005,0.074,0.427,0.03,0.0,0.016,0.0,0.002
138,0.008,0.0,0.01,0.028,0.001,0.0,0.738,0.0,0.144,0.0,0.0,0.063,0.002,0.003,0.003,0.0,0.0
139,0.157,0.15,0.001,0.0,0.123,0.067,0.003,0.038,0.201,0.013,0.13,0.044,0.015,0.0,0.001,0.057,0.0
140,0.052,0.002,0.007,0.588,0.001,0.001,0.111,0.0,0.045,0.006,0.005,0.154,0.001,0.024,0.0,0.002,0.002
141,0.034,0.001,0.045,0.017,0.002,0.001,0.0,0.002,0.003,0.0,0.127,0.011,0.026,0.067,0.0,0.107,0.557
142,0.001,0.005,0.0,0.048,0.0,0.032,0.001,0.015,0.003,0.001,0.223,0.192,0.108,0.0,0.0,0.057,0.312
143,0.002,0.013,0.0,0.038,0.367,0.021,0.201,0.001,0.053,0.0,0.007,0.003,0.038,0.0,0.018,0.069,0.168
144,0.001,0.106,0.0,0.462,0.001,0.001,0.045,0.001,0.008,0.0,0.081,0.129,0.036,0.004,0.0,0.089,0.034
145,0.0,0.0,0.0,0.887,0.109,0.0,0.0,0.0,0.0,0.0,0.0,0.0,0.0,0.0,0.0,0.003,0.0
146,0.031,0.001,0.0,0.066,0.0,0.0,0.098,0.007,0.0,0.0,0.02,0.682,0.096,0.0,0.0,0.0,0.0
147,0.006,0.0,0.006,0.266,0.279,0.11,0.012,0.041,0.0,0.0,0.0,0.0,0.0,0.001,0.0,0.003,0.276
148,0.0,0.017,0.0,0.115,0.0,0.052,0.245,0.0,0.335,0.002,0.032,0.03,0.153,0.009,0.009,0.0,0.0
149,0.234,0.109,0.006,0.462,0.162,0.013,0.001,0.0,0.0,0.0,0.007,0.005,0.0,0.001,0.001,0.0,0.0
150,0.0,0.671,0.0,0.045,0.0,0.0,0.0,0.0,0.0,0.0,0.0,0.0,0.0,0.09,0.011,0.183,0.0
151,0.056,0.001,0.0,0.002,0.091,0.0,0.008,0.0,0.21,0.0,0.0,0.002,0.157,0.006,0.001,0.199,0.266
152,0.0,0.004,0.001,0.001,0.326,0.004,0.001,0.004,0.0,0.024,0.0,0.0,0.0,0.003,0.099,0.0,0.533
153,0.0,0.136,0.0,0.0,0.127,0.0,0.0,0.011,0.015,0.0,0.05,0.004,0.022,0.04,0.0,0.089,0.506
154,0.056,0.386,0.0,0.07,0.219,0.066,0.131,0.024,0.044,0.0,0.0,0.0,0.0,0.0,0.004,0.0,0.0
155,0.0,0.001,0.008,0.004,0.0,0.0,0.059,0.0,0.0,0.026,0.221,0.107,0.048,0.038,0.0,0.472,0.015
156,0.008,0.36,0.011,0.411,0.0,0.011,0.154,0.0,0.005,0.0,0.0,0.037,0.002,0.0,0.0,0.0,0.001
157,0.116,0.014,0.0,0.069,0.0,0.0,0.365,0.0,0.005,0.019,0.0,0.217,0.0,0.038,0.002,0.156,0.0
158,0.0,0.0,0.006,0.0,0.0,0.001,0.756,0.0,0.0,0.004,0.233,0.0,0.0,0.0,0.0,0.0,0.0
159,0.094,0.0,0.024,0.001,0.155,0.004,0.0,0.0,0.001,0.0,0.173,0.461,0.017,0.001,0.0,0.068,0.0
160,0.001,0.006,0.0,0.0,0.006,0.0,0.0,0.0,0.001,0.007,0.404,0.501,0.002,0.0,0.0,0.002,0.069
161,0.008,0.82,0.0,0.006,0.002,0.0,0.0,0.001,0.057,0.0,0.05,0.024,0.0,0.0,0.004,0.0,0.027
162,0.261,0.042,0.0,0.058,0.0,0.0,0.425,0.0,0.045,0.011,0.001,0.0,0.0,0.008,0.0,0.149,0.0
163,0.237,0.0,0.021,0.006,0.007,0.0,0.0,0.001,0.0,0.006,0.204,0.033,0.013,0.0,0.117,0.354,0.0
164,0.486,0.033,0.008,0.005,0.033,0.003,0.0,0.0,0.419,0.003,0.004,0.0,0.002,0.001,0.001,0.001,0.0
165,0.001,0.004,0.001,0.136,0.051,0.001,0.115,0.041,0.005,0.001,0.392,0.01,0.0,0.034,0.002,0.0,0.204
166,0.0,0.0,0.002,0.0,0.018,0.0,0.595,0.002,0.0,0.0,0.0,0.225,0.111,0.038,0.008,0.0,0.0
167,0.0,0.001,0.03,0.059,0.326,0.09,0.0,0.0,0.004,0.0,0.0,0.161,0.0,0.001,0.004,0.0,0.324
168,0.212,0.0,0.0,0.0,0.02,0.107,0.0,0.0,0.479,0.0,0.166,0.001,0.0,0.0,0.0,0.014,0.0
169,0.0,0.0,0.0,0.0,0.0,0.064,0.095,0.0,0.726,0.0,0.0,0.115,0.0,0.0,0.0,0.0,0.0
170,0.0,0.185,0.003,0.044,0.136,0.132,0.016,0.022,0.105,0.0,0.011,0.052,0.008,0.0,0.074,0.077,0.137
171,0.0,0.0,0.0,0.0,0.708,0.0,0.0,0.0,0.0,0.0,0.0,0.153,0.108,0.0,0.0,0.0,0.03
172,0.026,0.005,0.047,0.05,0.175,0.067,0.031,0.0,0.0,0.0,0.33,0.02,0.093,0.108,0.011,0.022,0.016
173,0.0,0.0,0.0,0.209,0.0,0.0,0.007,0.001,0.0,0.0,0.04,0.002,0.173,0.0,0.001,0.565,0.004
174,0.001,0.0,0.001,0.314,0.024,0.0,0.417,0.022,0.0,0.0,0.0,0.001,0.0,0.011,0.0,0.191,0.017
175,0.001,0.002,0.001,0.0,0.0,0.136,0.18,0.001,0.0,0.0,0.007,0.573,0.09,0.001,0.0,0.004,0.004
176,0.0,0.018,0.003,0.001,0.0,0.174,0.752,0.0,0.001,0.0,0.0,0.031,0.0,0.0,0.019,0.0,0.0
177,0.002,0.0,0.004,0.002,0.314,0.002,0.0,0.006,0.383,0.003,0.001,0.002,0.0,0.0,0.097,0.097,0.087
178,0.0,0.0,0.0,0.0,0.0,0.0,0.945,0.0,0.0,0.0,0.0,0.049,0.0,0.0,0.0,0.007,0.0
179,0.001,0.112,0.011,0.152,0.0,0.008,0.406,0.004,0.099,0.0,0.091,0.0,0.001,0.003,0.031,0.019,0.06
180,0.0,0.0,0.006,0.422,0.0,0.0,0.0,0.0,0.333,0.0,0.0,0.0,0.001,0.0,0.0,0.237,0.0
181,0.083,0.027,0.001,0.601,0.033,0.0,0.046,0.001,0.083,0.026,0.0,0.011,0.001,0.018,0.034,0.034,0.0
182,0.057,0.0,0.002,0.204,0.52,0.0,0.023,0.001,0.0,0.003,0.0,0.052,0.001,0.032,0.0,0.053,0.053
183,0.235,0.0,0.0,0.0,0.001,0.023,0.0,0.0,0.504,0.002,0.0,0.234,0.0,0.001,0.001,0.0,0.0
184,0.0,0.0,0.0,0.019,0.003,0.001,0.0,0.0,0.522,0.0,0.001,0.424,0.0,0.0,0.004,0.0,0.025
185,0.168,0.573,0.0,0.001,0.0,0.116,0.079,0.015,0.0,0.0,0.0,0.003,0.0,0.0,0.044,0.0,0.001
186,0.0,0.001,0.0,0.08,0.006,0.029,0.0,0.0,0.203,0.0,0.0,0.477,0.085,0.0,0.0,0.019,0.102
187,0.083,0.002,0.0,0.002,0.0,0.0,0.022,0.001,0.0,0.0,0.0,0.845,0.0,0.045,0.001,0.0,0.0
188,0.402,0.008,0.0,0.0,0.157,0.018,0.0,0.003,0.001,0.002,0.021,0.321,0.001,0.005,0.0,0.009,0.052
189,0.001,0.0,0.002,0.0,0.0,0.0,0.0,0.0,0.939,0.0,0.0,0.001,0.001,0.04,0.003,0.0,0.013
190,0.0,0.019,0.0,0.023,0.067,0.014,0.116,0.003,0.0,0.0,0.157,0.406,0.005,0.116,0.055,0.018,0.0
191,0.0,0.573,0.002,0.002,0.0,0.062,0.008,0.0,0.0,0.0,0.0,0.0,0.095,0.045,0.006,0.206,0.0
192,0.0,0.32,0.0,0.0,0.001,0.0,0.002,0.0,0.0,0.002,0.226,0.021,0.0,0.0,0.003,0.02,0.405
193,0.0,0.0,0.0,0.001,0.0,0.0,0.342,0.0,0.462,0.0,0.015,0.0,0.0,0.0,0.0,0.18,0.0
194,0.0,0.0,0.001,0.0,0.028,0.0,0.31,0.0,0.275,0.0,0.055,0.01,0.0,0.0,0.0,0.32,0.0
195,0.018,0.126,0.009,0.041,0.0,0.017,0.022,0.01,0.089,0.002,0.11,0.0,0.002,0.002,0.0,0.539,0.014
196,0.461,0.0,0.0,0.018,0.296,0.012,0.0,0.0,0.039,0.0,0.053,0.0,0.031,0.004,0.0,0.086,0.001
197,0.03,0.126,0.047,0.001,0.001,0.002,0.008,0.0,0.24,0.005,0.0,0.499,0.008,0.0,0.034,0.0,0.0
198,0.0,0.043,0.0,0.685,0.004,0.0,0.005,0.0,0.033,0.007,0.048,0.001,0.17,0.0,0.0,0.0,0.002
199,0.0,0.0,0.0,0.0,0.0,0.0,0.133,0.0,0.763,0.0,0.093,0.0,0.0,0.0,0.0,0.006,0.005
200,0.001,0.031,0.001,0.452,0.04,0.001,0.001,0.005,0.038,0.011,0.037,0.258,0.052,0.021,0.0,0.0,0.051
201,0.0,0.167,0.0,0.005,0.0,0.203,0.144,0.0,0.007,0.0,0.0,0.004,0.0,0.0,0.006,0.463,0.0
202,0.129,0.001,0.002,0.012,0.0,0.001,0.227,0.0,0.058,0.0,0.263,0.002,0.001,0.0,0.027,0.271,0.006
203,0.0,0.0,0.0,0.0,0.0,0.0,0.0,0.0,0.005,0.0,0.0,0.942,0.001,0.0,0.0,0.051,0.0
204,0.112,0.047,0.001,0.061,0.093,0.015,0.117,0.001,0.001,0.015,0.294,0.146,0.0,0.001,0.0,0.0,0.097
205,0.0,0.768,0.0,0.051,0.04,0.004,0.0,0.0,0.003,0.0,0.022,0.001,0.003,0.0,0.0,0.0,0.106
206,0.0,0.598,0.049,0.0,0.17,0.051,0.0,0.0,0.112,0.0,0.0,0.0,0.0,0.015,0.006,0.0,0.0
207,0.025,0.486,0.0,0.07,0.0,0.0,0.0,0.001,0.0,0.0,0.012,0.0,0.0,0.0,0.013,0.393,0.0
208,0.0,0.0,0.0,0.0,0.001,0.0,0.0,0.0,0.669,0.0,0.0,0.256,0.0,0.075,0.0,0.0,0.0
209,0.028,0.005,0.001,0.022,0.008,0.0,0.0,0.001,0.0,0.0,0.003,0.407,0.156,0.0,0.0,0.0,0.369
210,0.49,0.275,0.0,0.225,0.0,0.0,0.005,0.002,0.0,0.0,0.0,0.0,0.0,0.002,0.0,0.0,0.0
211,0.011,0.133,0.021,0.628,0.043,0.004,0.002,0.0,0.094,0.002,0.001,0.032,0.006,0.002,0.0,0.001,0.019
212,0.276,0.0,0.0,0.053,0.0,0.084,0.001,0.0,0.093,0.0,0.329,0.124,0.0,0.001,0.0,0.025,0.015
213,0.022,0.002,0.0,0.001,0.233,0.0,0.003,0.007,0.125,0.005,0.0,0.092,0.001,0.001,0.006,0.0,0.502
214,0.041,0.001,0.0,0.01,0.565,0.006,0.05,0.0,0.022,0.002,0.153,0.01,0.037,0.0,0.016,0.087,0.0
215,0.0,0.008,0.0,0.068,0.108,0.0,0.346,0.027,0.444,0.0,0.0,0.0,0.0,0.0,0.0,0.0,0.0
216,0.413,0.0,0.023,0.0,0.0,0.005,0.002,0.003,0.312,0.0,0.004,0.0,0.0,0.0,0.008,0.009,0.222
217,0.656,0.017,0.0,0.0,0.315,0.0,0.0,0.0,0.0,0.0,0.0,0.0,0.0,0.011,0.0,0.0,0.001
218,0.49,0.0,0.013,0.123,0.015,0.084,0.106,0.001,0.01,0.001,0.0,0.024,0.001,0.069,0.01,0.017,0.036
219,0.033,0.0,0.0,0.51,0.016,0.0,0.315,0.0,0.0,0.0,0.0,0.0,0.0,0.035,0.0,0.088,0.003
220,0.0,0.255,0.0,0.07,0.001,0.07,0.576,0.0,0.001,0.0,0.0,0.0,0.0,0.0,0.0,0.0,0.027
221,0.058,0.02,0.0,0.003,0.029,0.0,0.149,0.025,0.466,0.0,0.006,0.016,0.0,0.043,0.0,0.005,0.18
222,0.0,0.861,0.001,0.0,0.0,0.0,0.0,0.0,0.002,0.001,0.0,0.014,0.0,0.044,0.011,0.0,0.067
223,0.0,0.0,0.011,0.618,0.002,0.0,0.0,0.0,0.0,0.016,0.0,0.128,0.0,0.0,0.0,0.0,0.226
224,0.0,0.0,0.0,0.0,0.056,0.0,0.0,0.008,0.151,0.0,0.0,0.005,0.163,0.0,0.007,0.44,0.17
225,0.002,0.023,0.0,0.032,0.401,0.225,0.0,0.003,0.004,0.001,0.101,0.003,0.102,0.059,0.005,0.034,0.006
226,0.0,0.241,0.0,0.457,0.0,0.0,0.0,0.013,0.226,0.0,0.006,0.04,0.016,0.0,0.0,0.0,0.0
227,0.124,0.072,0.003,0.148,0.293,0.003,0.003,0.0,0.0,0.001,0.0,0.189,0.144,0.0,0.006,0.006,0.009
228,0.0,0.0,0.003,0.0,0.0,0.103,0.036,0.014,0.767,0.0,0.0,0.0,0.0,0.0,0.0,0.0,0.077
229,0.0,0.0,0.0,0.0,0.0,0.139,0.07,0.0,0.0,0.0,0.0,0.539,0.0,0.004,0.0,0.248,0.0
230,0.306,0.0,0.0,0.643,0.0,0.0,0.0,0.0,0.012,0.005,0.0,0.001,0.021,0.011,0.0,0.0,0.0
231,0.0,0.0,0.0,0.0,0.397,0.0,0.0,0.0,0.0,0.0,0.0,0.345,0.049,0.006,0.002,0.201,0.0
232,0.003,0.003,0.0,0.0,0.0,0.101,0.444,0.0,0.0,0.0,0.235,0.107,0.004,0.0,0.099,0.0,0.003
233,0.24,0.2,0.0,0.451,0.0,0.0,0.038,0.048,0.0,0.0,0.006,0.0,0.0,0.0,0.008,0.0,0.008
234,0.092,0.0,0.0,0.001,0.039,0.006,0.311,0.0,0.022,0.0,0.024,0.135,0.004,0.0,0.002,0.365,0.0
235,0.0,0.175,0.014,0.62,0.0,0.079,0.001,0.0,0.001,0.002,0.0,0.036,0.002,0.0,0.07,0.0,0.0
236,0.191,0.045,0.0,0.007,0.061,0.176,0.434,0.0,0.0,0.0,0.0,0.087,0.0,0.0,0.0,0.0,0.0
237,0.819,0.0,0.0,0.062,0.001,0.0,0.001,0.0,0.0,0.0,0.032,0.006,0.0,0.067,0.009,0.0,0.003
238,0.004,0.003,0.0,0.944,0.0,0.0,0.0,0.0,0.0,0.012,0.033,0.0,0.0,0.0,0.0,0.003,0.0
239,0.341,0.024,0.0,0.017,0.001,0.05,0.004,0.0,0.112,0.0,0.008,0.0,0.0,0.0,0.001,0.416,0.025
240,0.0,0.0,0.001,0.014,0.001,0.0,0.003,0.015,0.0,0.009,0.0,0.789,0.003,0.051,0.001,0.113,0.0
241,0.0,0.0,0.0,0.0,0.0,0.026,0.666,0.023,0.003,0.0,0.247,0.0,0.009,0.001,0.007,0.0,0.018
242,0.0,0.0,0.022,0.169,0.0,0.081,0.002,0.0,0.008,0.01,0.0,0.0,0.0,0.0,0.008,0.34,0.36
243,0.533,0.006,0.001,0.013,0.0,0.0,0.0,0.004,0.088,0.0,0.0,0.0,0.005,0.0,0.023,0.0,0.326
244,0.096,0.0,0.0,0.228,0.0,0.004,0.0,0.034,0.403,0.0,0.0,0.074,0.021,0.0,0.0,0.054,0.085
245,0.0,0.09,0.0,0.024,0.036,0.001,0.002,0.0,0.086,0.0,0.0,0.757,0.0,0.002,0.0,0.0,0.0
246,0.193,0.16,0.0,0.026,0.478,0.002,0.017,0.033,0.083,0.0,0.0,0.0,0.0,0.007,0.0,0.001,0.0
247,0.0,0.144,0.0,0.072,0.201,0.0,0.288,0.021,0.002,0.003,0.175,0.093,0.0,0.0,0.0,0.0,0.0
248,0.0,0.0,0.009,0.011,0.0,0.0,0.293,0.001,0.332,0.008,0.149,0.0,0.165,0.0,0.032,0.0,0.0
249,0.0,0.0,0.032,0.0,0.573,0.001,0.016,0.0,0.0,0.001,0.023,0.179,0.171,0.0,0.001,0.004,0.0
250,0.68,0.0,0.0,0.103,0.002,0.206,0.002,0.0,0.0,0.0,0.002,0.0,0.0,0.001,0.002,0.0,0.003
251,0.0,0.549,0.0,0.193,0.0,0.032,0.0,0.0,0.0,0.0,0.0,0.226,0.0,0.0,0.0,0.0,0.0
252,0.367,0.137,0.001,0.014,0.0,0.004,0.225,0.038,0.0,0.004,0.002,0.006,0.023,0.0,0.001,0.013,0.164
253,0.063,0.0,0.004,0.147,0.584,0.0,0.0,0.0,0.0,0.0,0.115,0.072,0.0,0.01,0.005,0.0,0.0
254,0.0,0.002,0.0,0.755,0.0,0.0,0.0,0.0,0.098,0.0,0.0,0.111,0.0,0.0,0.0,0.031,0.003
255,0.006,0.0,0.0,0.591,0.372,0.0,0.0,0.0,0.008,0.0,0.017,0.006,0.0,0.0,0.0,0.0,0.0
256,0.068,0.088,0.049,0.003,0.081,0.0,0.002,0.0,0.0,0.0,0.335,0.028,0.024,0.006,0.0,0.316,0.0
257,0.129,0.0,0.022,0.036,0.036,0.014,0.471,0.001,0.001,0.004,0.245,0.0,0.007,0.002,0.001,0.0,0.033
258,0.185,0.0,0.0,0.017,0.001,0.002,0.0,0.024,0.71,0.011,0.0,0.001,0.016,0.0,0.024,0.01,0.0
259,0.006,0.007,0.0,0.208,0.0,0.0,0.0,0.0,0.05,0.004,0.0,0.305,0.0,0.0,0.0,0.018,0.401
260,0.664,0.0,0.0,0.0,0.143,0.0,0.0,0.0,0.193,0.0,0.0,0.0,0.0,0.0,0.0,0.0,0.0
261,0.002,0.036,0.0,0.035,0.07,0.001,0.034,0.0,0.036,0.001,0.0,0.06,0.001,0.004,0.0,0.524,0.195
262,0.001,0.0,0.012,0.002,0.333,0.0,0.0,0.0,0.012,0.0,0.004,0.284,0.0,0.062,0.0,0.0,0.29
263,0.0,0.001,0.0,0.109,0.627,0.012,0.009,0.011,0.012,0.0,0.202,0.014,0.0,0.0,0.003,0.0,0.001
264,0.293,0.0,0.0,0.175,0.0,0.0,0.083,0.0,0.0,0.006,0.002,0.0,0.005,0.0,0.0,0.019,0.419
265,0.0,0.001,0.0,0.007,0.0,0.0,0.573,0.0,0.383,0.0,0.019,0.017,0.0,0.0,0.0,0.0,0.0
266,0.171,0.552,0.0,0.001,0.002,0.001,0.0,0.0,0.222,0.0,0.0,0.0,0.0,0.046,0.0,0.005,0.0
267,0.094,0.0,0.0,0.48,0.0,0.0,0.0,0.0,0.0,0.0,0.0,0.426,0.0,0.0,0.0,0.0,0.0
268,0.011,0.078,0.0,0.158,0.002,0.0,0.014,0.005,0.088,0.002,0.008,0.553,0.0,0.001,0.008,0.042,0.029
269,0.0,0.0,0.0,0.0,0.0,0.117,0.0,0.047,0.0,0.0,0.0,0.793,0.0,0.043,0.0,0.0,0.0
270,0.033,0.101,0.0,0.057,0.042,0.015,0.006,0.0,0.093,0.0,0.022,0.372,0.007,0.069,0.007,0.0,0.176
271,0.005,0.0,0.0,0.109,0.0,0.027,0.0,0.0,0.794,0.0,0.0,0.0,0.054,0.0,0.0,0.01,0.001
272,0.039,0.0,0.0,0.011,0.0,0.009,0.153,0.0,0.0,0.004,0.0,0.0,0.142,0.0,0.001,0.459,0.182
273,0.0,0.004,0.0,0.0,0.001,0.001,0.0,0.0,0.396,0.0,0.0,0.006,0.0,0.0,0.023,0.569,0.0
274,0.152,0.572,0.002,0.001,0.0,0.115,0.0,0.0,0.0,0.0,0.0,0.0,0.157,0.0,0.001,0.0,0.0
275,0.489,0.0,0.018,0.0,0.0,0.0,0.0,0.0,0.024,0.0,0.0,0.426,0.0,0.0,0.042,0.0,0.0
276,0.0,0.014,0.0,0.0,0.0,0.0,0.0,0.0,0.97,0.0,0.008,0.005,0.0,0.0,0.002,0.001,0.0
277,0.0,0.0,0.0,0.0,0.0,0.001,0.0,0.0,0.0,0.0,0.003,0.798,0.0,0.0,0.0,0.172,0.026
278,0.0,0.0,0.0,0.0,0.0,0.0,0.016,0.0,0.978,0.0,0.0,0.006,0.0,0.0,0.0,0.0,0.0
279,0.0,0.0,0.0,0.0,0.0,0.0,0.011,0.031,0.0,0.013,0.046,0.887,0.0,0.012,0.0,0.0,0.0
280,0.0,0.035,0.0,0.0,0.0,0.0,0.0,0.0,0.0,0.0,0.0,0.475,0.0,0.0,0.086,0.402,0.0
281,0.311,0.01,0.004,0.257,0.0,0.0,0.038,0.006,0.161,0.0,0.059,0.029,0.088,0.006,0.0,0.0,0.031
282,0.0,0.0,0.0,0.0,0.437,0.01,0.0,0.042,0.041,0.0,0.059,0.0,0.001,0.0,0.018,0.007,0.385
283,0.641,0.0,0.0,0.0,0.069,0.0,0.0,0.029,0.001,0.024,0.236,0.0,0.0,0.0,0.0,0.0,0.001
284,0.001,0.461,0.003,0.0,0.04,0.0,0.24,0.049,0.001,0.0,0.0,0.0,0.011,0.0,0.001,0.029,0.166
285,0.486,0.0,0.0,0.007,0.406,0.0,0.0,0.017,0.0,0.0,0.0,0.005,0.061,0.0,0.0,0.017,0.0
286,0.0,0.0,0.021,0.794,0.005,0.0,0.075,0.0,0.0,0.0,0.001,0.009,0.002,0.0,0.0,0.014,0.08
287,0.052,0.544,0.0,0.001,0.0,0.015,0.001,0.0,0.002,0.0,0.024,0.0,0.0,0.0,0.007,0.243,0.111
288,0.0,0.132,0.058,0.0,0.095,0.002,0.013,0.001,0.0,0.009,0.024,0.049,0.01,0.031,0.001,0.576,0.0
289,0.0,0.0,0.001,0.015,0.227,0.0,0.122,0.0,0.0,0.006,0.0,0.061,0.0,0.043,0.0,0.232,0.294
290,0.021,0.007,0.0,0.66,0.0,0.186,0.006,0.001,0.0,0.004,0.0,0.0,0.0,0.0,0.098,0.017,0.0
291,0.0,0.0,0.003,0.0,0.0,0.003,0.002,0.0,0.0,0.004,0.0,0.989,0.0,0.0,0.0,0.0,0.0
292,0.001,0.0,0.04,0.0,0.0,0.0,0.954,0.002,0.0,0.0,0.0,0.0,0.0,0.003,0.0,0.0,0.0
293,0.0,0.0,0.004,0.089,0.029,0.004,0.036,0.0,0.0,0.0,0.0,0.591,0.0,0.117,0.003,0.063,0.063
294,0.0,0.0,0.0,0.885,0.0,0.0,0.0,0.0,0.0,0.0,0.0,0.007,0.0,0.0,0.0,0.107,0.0
295,0.429,0.004,0.034,0.091,0.002,0.0,0.148,0.023,0.111,0.0,0.035,0.0,0.067,0.01,0.0,0.047,0.0
296,0.185,0.0,0.0,0.709,0.0,0.023,0.0,0.0,0.0,0.0,0.005,0.0,0.0,0.011,0.0,0.0,0.066
297,0.12,0.0,0.0,0.0,0.0,0.0,0.0,0.02,0.055,0.002,0.081,0.0,0.0,0.0,0.035,0.188,0.499
298,0.0,0.002,0.003,0.045,0.023,0.117,0.654,0.012,0.006,0.0,0.001,0.0,0.003,0.006,0.031,0.0,0.096
299,0.0,0.007,0.014,0.113,0.007,0.002,0.563,0.013,0.109,0.0,0.0,0.012,0.0,0.083,0.0,0.001,0.076
300,0.904,0.0,0.0,0.084,0.009,0.0,0.0,0.0,0.0,0.0,0.0,0.002,0.002,0.0,0.0,0.0,0.001
301,0.154,0.026,0.0,0.003,0.002,0.001,0.106,0.006,0.085,0.001,0.361,0.02,0.162,0.001,0.038,0.031,0.004
302,0.013,0.0,0.0,0.022,0.384,0.0,0.0,0.0,0.108,0.0,0.26,0.074,0.0,0.083,0.0,0.0,0.055
303,0.752,0.165,0.047,0.03,0.0,0.0,0.0,0.0,0.0,0.005,0.0,0.0,0.0,0.0,0.0,0.0,0.0
304,0.289,0.0,0.001,0.116,0.07,0.0,0.019,0.0,0.001,0.0,0.0,0.0,0.0,0.0,0.0,0.0,0.503
305,0.0,0.432,0.0,0.0,0.549,0.0,0.002,0.0,0.0,0.0,0.003,0.0,0.0,0.011,0.0,0.0,0.003
306,0.079,0.03,0.009,0.152,0.612,0.0,0.0,0.017,0.027,0.0,0.052,0.0,0.001,0.001,0.0,0.018,0.0
307,0.55,0.0,0.008,0.388,0.021,0.0,0.01,0.0,0.0,0.0,0.021,0.0,0.002,0.0,0.0,0.0,0.0
308,0.082,0.029,0.006,0.01,0.345,0.235,0.0,0.021,0.028,0.0,0.0,0.119,0.006,0.041,0.0,0.045,0.032
309,0.0,0.0,0.0,0.0,0.0,0.0,0.418,0.0,0.0,0.0,0.0,0.563,0.018,0.0,0.0,0.0,0.0
310,0.191,0.0,0.0,0.0,0.0,0.0,0.086,0.0,0.241,0.0,0.241,0.059,0.0,0.0,0.0,0.181,0.0
311,0.105,0.076,0.001,0.505,0.006,0.004,0.007,0.0,0.053,0.006,0.144,0.03,0.001,0.003,0.026,0.017,0.016
312,0.014,0.007,0.002,0.0,0.0,0.0,0.005,0.0,0.0,0.0,0.019,0.808,0.0,0.0,0.0,0.003,0.141
313,0.504,0.0,0.002,0.022,0.365,0.0,0.004,0.0,0.0,0.0,0.101,0.002,0.0,0.0,0.0,0.0,0.0
314,0.006,0.0,0.0,0.013,0.001,0.017,0.1,0.0,0.007,0.002,0.0,0.036,0.003,0.0,0.0,0.424,0.391
315,0.0,0.0,0.0,0.694,0.149,0.117,0.0,0.008,0.0,0.002,0.014,0.0,0.003,0.0,0.0,0.012,0.002
316,0.111,0.029,0.019,0.003,0.523,0.0,0.081,0.013,0.041,0.022,0.084,0.002,0.035,0.007,0.019,0.0,0.01
317,0.0,0.049,0.023,0.0,0.0,0.0,0.0,0.0,0.0,0.0,0.0,0.693,0.0,0.0,0.0,0.009,0.225
318,0.74,0.0,0.0,0.007,0.0,0.21,0.0,0.0,0.0,0.003,0.025,0.003,0.0,0.0,0.009,0.003,0.0
319,0.0,0.001,0.0,0.561,0.002,0.0,0.362,0.0,0.002,0.0,0.0,0.058,0.015,0.0,0.0,0.0,0.0
320,0.611,0.0,0.0,0.201,0.001,0.0,0.01,0.046,0.0,0.006,0.059,0.0,0.061,0.0,0.004,0.0,0.0
321,0.62,0.004,0.04,0.0,0.0,0.0,0.007,0.0,0.0,0.0,0.045,0.114,0.0,0.0,0.006,0.0,0.163
322,0.0,0.008,0.0,0.0,0.0,0.0,0.581,0.0,0.0,0.0,0.0,0.0,0.001,0.0,0.0,0.161,0.25
323,0.0,0.327,0.0,0.048,0.113,0.111,0.006,0.0,0.05,0.0,0.002,0.114,0.172,0.0,0.0,0.0,0.057
324,0.0,0.001,0.001,0.0,0.0,0.148,0.166,0.0,0.232,0.0,0.198,0.224,0.0,0.0,0.001,0.03,0.0
325,0.0,0.012,0.0,0.234,0.602,0.0,0.005,0.0,0.001,0.001,0.003,0.002,0.124,0.0,0.015,0.0,0.0
326,0.0,0.032,0.001,0.026,0.0,0.0,0.0,0.0,0.779,0.0,0.0,0.0,0.081,0.0,0.081,0.0,0.0
327,0.09,0.18,0.0,0.298,0.096,0.0,0.0,0.009,0.0,0.0,0.063,0.0,0.016,0.05,0.0,0.198,0.0
328,0.0,0.993,0.0,0.0,0.0,0.0,0.0,0.007,0.0,0.0,0.0,0.0,0.0,0.0,0.0,0.0,0.0
329,0.0,0.01,0.043,0.008,0.44,0.0,0.0,0.0,0.0,0.003,0.0,0.489,0.001,0.005,0.001,0.0,0.0
330,0.003,0.035,0.0,0.0,0.002,0.009,0.003,0.0,0.003,0.001,0.063,0.665,0.042,0.031,0.0,0.0,0.144
331,0.002,0.025,0.0,0.226,0.053,0.001,0.024,0.0,0.0,0.0,0.024,0.001,0.092,0.0,0.003,0.0,0.549
332,0.0,0.435,0.0,0.12,0.205,0.0,0.001,0.032,0.043,0.0,0.002,0.0,0.0,0.0,0.105,0.001,0.057
333,0.188,0.012,0.007,0.741,0.003,0.01,0.003,0.0,0.003,0.0,0.002,0.002,0.019,0.006,0.0,0.002,0.001
334,0.061,0.0,0.0,0.328,0.003,0.013,0.0,0.0,0.589,0.0,0.0,0.002,0.0,0.0,0.004,0.0,0.0
335,0.005,0.801,0.0,0.0,0.001,0.0,0.0,0.0,0.091,0.0,0.001,0.0,0.008,0.094,0.0,0.0,0.0
336,0.0,0.013,0.006,0.746,0.0,0.0,0.214,0.0,0.001,0.0,0.0,0.019,0.0,0.001,0.0,0.0,0.0
337,0.0,0.0,0.026,0.0,0.0,0.0,0.001,0.006,0.103,0.0,0.0,0.863,0.0,0.0,0.0,0.0,0.001
338,0.004,0.335,0.0,0.005,0.3,0.0,0.076,0.0,0.019,0.0,0.001,0.03,0.0,0.0,0.006,0.001,0.223
339,0.32,0.002,0.0,0.004,0.0,0.001,0.05,0.0,0.0,0.024,0.012,0.009,0.04,0.007,0.0,0.532,0.0
340,0.001,0.135,0.002,0.044,0.025,0.011,0.0,0.0,0.008,0.006,0.0,0.134,0.078,0.0,0.001,0.515,0.04
341,0.0,0.689,0.01,0.028,0.0,0.001,0.112,0.029,0.001,0.0,0.0,0.0,0.0,0.013,0.116,0.0,0.0
342,0.009,0.078,0.001,0.0,0.0,0.004,0.001,0.04,0.0,0.0,0.0,0.773,0.0,0.0,0.0,0.0,0.093
343,0.029,0.213,0.0,0.255,0.006,0.0,0.367,0.001,0.017,0.0,0.019,0.0,0.011,0.013,0.005,0.007,0.058
344,0.0,0.0,0.0,0.0,0.0,0.0,0.786,0.019,0.003,0.0,0.0,0.192,0.0,0.0,0.001,0.0,0.0
345,0.104,0.0,0.0,0.002,0.0,0.0,0.007,0.021,0.552,0.0,0.002,0.0,0.0,0.0,0.0,0.0,0.312
346,0.086,0.0,0.001,0.002,0.005,0.022,0.02,0.047,0.12,0.0,0.0,0.349,0.066,0.01,0.021,0.039,0.212
347,0.0,0.0,0.0,0.041,0.0,0.003,0.0,0.0,0.954,0.001,0.0,0.0,0.0,0.0,0.0,0.0,0.0
348,0.0,0.627,0.0,0.001,0.0,0.0,0.0,0.0,0.296,0.0,0.001,0.0,0.003,0.0,0.072,0.0,0.0
349,0.029,0.104,0.0,0.225,0.275,0.069,0.058,0.003,0.008,0.026,0.0,0.037,0.148,0.006,0.003,0.01,0.0
350,0.013,0.027,0.0,0.0,0.061,0.005,0.159,0.0,0.449,0.01,0.005,0.015,0.075,0.065,0.0,0.115,0.003
351,0.495,0.096,0.0,0.0,0.007,0.0,0.013,0.0,0.258,0.016,0.0,0.001,0.035,0.013,0.015,0.04,0.012
352,0.0,0.009,0.03,0.0,0.512,0.0,0.0,0.0,0.0,0.0,0.0,0.008,0.0,0.0,0.0,0.293,0.148
353,0.004,0.001,0.001,0.056,0.002,0.002,0.204,0.001,0.016,0.001,0.043,0.002,0.115,0.013,0.05,0.109,0.38
354,0.048,0.023,0.034,0.106,0.019,0.0,0.01,0.007,0.076,0.011,0.223,0.027,0.007,0.029,0.011,0.073,0.296
355,0.011,0.0,0.0,0.0,0.0,0.222,0.227,0.0,0.0,0.0,0.025,0.0,0.0,0.003,0.024,0.451,0.038
356,0.147,0.0,0.004,0.003,0.017,0.022,0.025,0.0,0.471,0.001,0.022,0.024,0.135,0.046,0.0,0.0,0.084
357,0.266,0.31,0.001,0.004,0.007,0.214,0.0,0.004,0.005,0.0,0.0,0.09,0.0,0.006,0.0,0.028,0.065
358,0.439,0.002,0.023,0.185,0.125,0.0,0.0,0.0,0.08,0.0,0.002,0.003,0.0,0.016,0.111,0.009,0.004
359,0.121,0.315,0.001,0.0,0.215,0.0,0.006,0.0,0.042,0.0,0.013,0.0,0.019,0.0,0.009,0.0,0.259
360,0.014,0.0,0.0,0.0,0.0,0.007,0.429,0.0,0.0,0.015,0.288,0.0,0.0,0.001,0.009,0.234,0.004
361,0.0,0.0,0.0,0.05,0.03,0.0,0.834,0.055,0.001,0.0,0.0,0.027,0.001,0.001,0.0,0.0,0.001
362,0.005,0.0,0.0,0.015,0.0,0.0,0.927,0.0,0.002,0.018,0.002,0.0,0.013,0.0,0.015,0.0,0.002
363,0.198,0.0,0.0,0.123,0.0,0.0,0.0,0.0,0.219,0.0,0.141,0.041,0.051,0.023,0.003,0.174,0.025
364,0.001,0.0,0.015,0.157,0.647,0.0,0.0,0.015,0.014,0.0,0.0,0.0,0.0,0.104,0.0,0.0,0.046
365,0.0,0.0,0.009,0.016,0.023,0.039,0.13,0.047,0.011,0.022,0.0,0.518,0.16,0.001,0.001,0.0,0.023
366,0.003,0.001,0.021,0.004,0.002,0.005,0.564,0.002,0.344,0.0,0.0,0.022,0.0,0.0,0.031,0.0,0.0
367,0.0,0.054,0.0,0.131,0.021,0.153,0.05,0.035,0.141,0.003,0.223,0.001,0.014,0.0,0.0,0.131,0.042
368,0.023,0.071,0.0,0.019,0.208,0.003,0.0,0.01,0.164,0.001,0.242,0.001,0.076,0.001,0.042,0.0,0.14
369,0.0,0.0,0.0,0.0,0.0,0.0,0.439,0.001,0.0,0.0,0.0,0.276,0.0,0.0,0.092,0.0,0.192
370,0.537,0.331,0.0,0.003,0.003,0.007,0.0,0.034,0.0,0.0,0.028,0.0,0.003,0.0,0.053,0.0,0.0
371,0.184,0.0,0.0,0.161,0.008,0.187,0.002,0.011,0.0,0.0,0.0,0.0,0.137,0.091,0.0,0.147,0.072
372,0.017,0.0,0.0,0.863,0.035,0.002,0.079,0.001,0.0,0.001,0.0,0.0,0.0,0.0,0.0,0.001,0.0
373,0.0,0.0,0.007,0.0,0.0,0.0,0.003,0.0,0.0,0.0,0.0,0.253,0.0,0.053,0.0,0.415,0.269
374,0.0,0.036,0.004,0.0,0.021,0.0,0.324,0.0,0.17,0.003,0.0,0.025,0.0,0.023,0.049,0.013,0.331
375,0.076,0.002,0.01,0.209,0.0,0.0,0.316,0.0,0.136,0.0,0.01,0.004,0.0,0.0,0.001,0.001,0.235
376,0.116,0.004,0.0,0.0,0.008,0.004,0.0,0.016,0.0,0.001,0.0,0.383,0.0,0.003,0.0,0.0,0.465
377,0.041,0.001,0.0,0.0,0.0,0.0,0.028,0.0,0.0,0.0,0.0,0.373,0.003,0.025,0.0,0.0,0.528
378,0.006,0.0,0.0,0.0,0.0,0.0,0.977,0.001,0.0,0.0,0.003,0.0,0.0,0.0,0.0,0.0,0.013
379,0.128,0.0,0.002,0.113,0.01,0.054,0.092,0.0,0.215,0.015,0.003,0.049,0.002,0.054,0.004,0.239,0.019
380,0.0,0.587,0.004,0.0,0.0,0.001,0.029,0.01,0.0,0.001,0.269,0.0,0.078,0.0,0.021,0.0,0.0
381,0.043,0.134,0.044,0.002,0.001,0.009,0.324,0.027,0.188,0.0,0.001,0.059,0.0,0.031,0.072,0.002,0.061
382,0.0,0.28,0.0,0.712,0.0,0.0,0.0,0.0,0.0,0.0,0.004,0.0,0.0,0.0,0.003,0.0,0.0
383,0.0,0.0,0.0,0.0,0.0,0.012,0.858,0.003,0.0,0.0,0.0,0.003,0.003,0.0,0.12,0.0,0.0
384,0.021,0.062,0.058,0.043,0.234,0.01,0.144,0.0,0.0,0.001,0.187,0.001,0.176,0.001,0.062,0.0,0.0
385,0.083,0.0,0.0,0.002,0.004,0.064,0.283,0.0,0.007,0.0,0.0,0.553,0.0,0.001,0.001,0.0,0.001
386,0.0,0.0,0.0,0.449,0.0,0.007,0.0,0.0,0.0,0.0,0.0,0.0,0.0,0.0,0.0,0.0,0.544
387,0.0,0.923,0.003,0.001,0.027,0.0,0.0,0.0,0.0,0.0,0.0,0.002,0.0,0.0,0.028,0.0,0.014
388,0.0,0.0,0.0,0.125,0.003,0.0,0.0,0.0,0.812,0.0,0.026,0.019,0.0,0.005,0.0,0.0,0.01
389,0.0,0.0,0.0,0.002,0.0,0.0,0.0,0.0,0.998,0.0,0.0,0.0,0.0,0.0,0.0,0.0,0.0
390,0.0,0.094,0.0,0.215,0.007,0.003,0.0,0.042,0.014,0.0,0.0,0.471,0.0,0.03,0.002,0.02,0.104
391,0.0,0.0,0.0,0.584,0.0,0.0,0.0,0.0,0.011,0.0,0.005,0.4,0.0,0.0,0.0,0.0,0.0
392,0.368,0.169,0.049,0.177,0.0,0.0,0.014,0.0,0.216,0.0,0.006,0.0,0.0,0.0,0.0,0.0,0.0
393,0.001,0.163,0.001,0.139,0.02,0.018,0.0,0.003,0.392,0.0,0.173,0.002,0.002,0.058,0.0,0.006,0.022
394,0.0,0.0,0.0,0.974,0.0,0.006,0.0,0.0,0.002,0.0,0.01,0.0,0.0,0.0,0.0,0.008,0.0
395,0.047,0.131,0.002,0.006,0.496,0.091,0.0,0.0,0.001,0.0,0.0,0.226,0.0,0.0,0.0,0.0,0.0
396,0.397,0.0,0.0,0.0,0.0,0.0,0.0,0.0,0.031,0.0,0.351,0.083,0.001,0.001,0.0,0.0,0.137
397,0.0,0.174,0.0,0.215,0.0,0.0,0.091,0.035,0.13,0.0,0.282,0.03,0.003,0.038,0.001,0.001,0.0
398,0.411,0.064,0.018,0.21,0.081,0.0,0.001,0.021,0.015,0.0,0.0,0.002,0.0,0.005,0.015,0.013,0.142
399,0.37,0.0,0.0,0.129,0.426,0.0,0.0,0.0,0.005,0.003,0.016,0.0,0.0,0.0,0.0,0.052,0.0
400,0.029,0.001,0.006,0.0,0.058,0.039,0.304,0.0,0.014,0.02,0.0,0.148,0.001,0.0,0.0,0.322,0.058
401,0.096,0.074,0.0,0.139,0.3,0.005,0.015,0.0,0.0,0.005,0.0,0.013,0.032,0.015,0.0,0.152,0.153
402,0.502,0.238,0.016,0.159,0.018,0.0,0.034,0.019,0.0,0.0,0.002,0.006,0.004,0.0,0.0,0.0,0.0
403,0.346,0.145,0.002,0.0,0.002,0.001,0.019,0.027,0.053,0.005,0.002,0.118,0.098,0.001,0.006,0.173,0.0
404,0.092,0.0,0.0,0.304,0.0,0.01,0.001,0.02,0.498,0.0,0.028,0.028,0.002,0.001,0.016,0.0,0.0
405,0.0,0.161,0.0,0.111,0.0,0.056,0.0,0.0,0.0,0.0,0.0,0.0,0.032,0.0,0.007,0.0,0.632
406,0.0,0.116,0.0,0.529,0.3,0.025,0.0,0.026,0.002,0.0,0.001,0.002,0.0,0.0,0.0,0.0,0.0
407,0.069,0.0,0.012,0.625,0.063,0.022,0.048,0.0,0.153,0.001,0.0,0.001,0.0,0.0,0.002,0.002,0.0
408,0.0,0.015,0.0,0.012,0.091,0.0,0.875,0.0,0.0,0.0,0.002,0.0,0.0,0.0,0.006,0.0,0.0
409,0.031,0.001,0.001,0.001,0.412,0.004,0.125,0.0,0.0,0.002,0.039,0.015,0.097,0.027,0.001,0.241,0.003
410,0.0,0.0,0.0,0.001,0.571,0.025,0.006,0.0,0.0,0.023,0.0,0.374,0.0,0.0,0.0,0.0,0.0
411,0.054,0.042,0.004,0.607,0.047,0.0,0.0,0.038,0.008,0.005,0.119,0.013,0.01,0.044,0.003,0.004,0.0
412,0.827,0.0,0.0,0.005,0.028,0.0,0.015,0.002,0.0,0.0,0.101,0.007,0.0,0.009,0.0,0.0,0.005
413,0.001,0.0,0.0,0.143,0.0,0.0,0.005,0.0,0.502,0.0,0.024,0.0,0.0,0.098,0.0,0.0,0.226
414,0.0,0.0,0.0,0.0,0.096,0.105,0.041,0.0,0.426,0.0,0.0,0.301,0.031,0.0,0.0,0.0,0.0
415,0.003,0.089,0.0,0.003,0.652,0.032,0.007,0.0,0.019,0.0,0.1,0.077,0.003,0.007,0.0,0.0,0.006
416,0.069,0.0,0.0,0.001,0.538,0.002,0.312,0.004,0.0,0.015,0.0,0.0,0.06,0.0,0.0,0.0,0.0
417,0.165,0.01,0.0,0.0,0.0,0.042,0.03,0.0,0.601,0.006,0.009,0.013,0.058,0.011,0.0,0.051,0.002
418,0.891,0.0,0.0,0.0,0.0,0.0,0.0,0.0,0.006,0.0,0.045,0.057,0.0,0.0,0.0,0.0,0.0
419,0.001,0.073,0.009,0.118,0.0,0.015,0.087,0.003,0.564,0.0,0.027,0.0,0.017,0.0,0.083,0.003,0.001
420,0.0,0.01,0.0,0.013,0.0,0.056,0.479,0.002,0.0,0.0,0.0,0.298,0.003,0.0,0.085,0.04,0.014
421,0.38,0.0,0.0,0.0,0.008,0.0,0.057,0.0,0.1,0.0,0.0,0.0,0.004,0.0,0.0,0.432,0.019
422,0.041,0.19,0.004,0.0,0.006,0.008,0.039,0.032,0.217,0.016,0.278,0.011,0.029,0.047,0.0,0.001,0.081
423,0.0,0.062,0.0,0.095,0.0,0.0,0.77,0.0,0.0,0.0,0.0,0.006,0.0,0.067,0.0,0.0,0.0
424,0.036,0.0,0.009,0.008,0.015,0.056,0.055,0.033,0.052,0.0,0.0,0.069,0.024,0.013,0.0,0.247,0.381
425,0.076,0.067,0.0,0.001,0.0,0.011,0.401,0.003,0.167,0.002,0.049,0.084,0.033,0.08,0.002,0.001,0.021
426,0.007,0.002,0.0,0.562,0.369,0.034,0.008,0.0,0.0,0.0,0.0,0.007,0.003,0.004,0.0,0.0,0.005
427,0.001,0.056,0.0,0.736,0.0,0.019,0.0,0.0,0.002,0.0,0.044,0.003,0.001,0.085,0.051,0.0,0.0
428,0.0,0.276,0.018,0.068,0.093,0.03,0.0,0.0,0.021,0.002,0.0,0.028,0.002,0.007,0.025,0.001,0.429
429,0.0,0.592,0.0,0.0,0.0,0.0,0.406,0.0,0.0,0.0,0.0,0.002,0.0,0.0,0.0,0.0,0.0
430,0.0,0.004,0.002,0.013,0.051,0.0,0.011,0.045,0.459,0.0,0.001,0.005,0.045,0.011,0.0,0.209,0.143
431,0.05,0.001,0.0,0.143,0.025,0.008,0.0,0.0,0.287,0.0,0.0,0.0,0.173,0.001,0.002,0.31,0.001
432,0.0,0.003,0.0,0.0,0.0,0.06,0.0,0.0,0.0,0.0,0.0,0.876,0.045,0.0,0.0,0.0,0.016
433,0.265,0.093,0.001,0.0,0.0,0.0,0.036,0.0,0.0,0.006,0.017,0.138,0.002,0.028,0.0,0.412,0.002
434,0.347,0.044,0.001,0.007,0.001,0.018,0.101,0.001,0.067,0.0,0.117,0.014,0.038,0.026,0.006,0.21,0.002
435,0.0,0.0,0.0,0.999,0.0,0.0,0.0,0.0,0.0,0.0,0.001,0.0,0.0,0.0,0.0,0.0,0.0
436,0.0,0.161,0.0,0.025,0.708,0.0,0.0,0.0,0.0,0.0,0.106,0.0,0.0,0.001,0.0,0.0,0.0
437,0.442,0.017,0.0,0.117,0.047,0.001,0.309,0.019,0.003,0.0,0.045,0.0,0.0,0.0,0.0,0.0,0.0
438,0.216,0.01,0.0,0.07,0.0,0.144,0.314,0.013,0.0,0.0,0.0,0.102,0.064,0.022,0.022,0.022,0.002
439,0.005,0.183,0.015,0.0,0.018,0.131,0.359,0.03,0.002,0.026,0.102,0.094,0.0,0.02,0.001,0.013,0.0
440,0.011,0.027,0.005,0.195,0.0,0.06,0.001,0.0,0.32,0.004,0.0,0.0,0.0,0.001,0.0,0.113,0.262
441,0.031,0.0,0.0,0.0,0.492,0.0,0.005,0.0,0.0,0.008,0.027,0.113,0.083,0.001,0.001,0.239,0.0
442,0.003,0.019,0.0,0.134,0.209,0.052,0.0,0.013,0.013,0.0,0.0,0.0,0.008,0.0,0.019,0.43,0.099
443,0.161,0.271,0.002,0.023,0.002,0.0,0.0,0.002,0.092,0.0,0.0,0.212,0.008,0.0,0.089,0.007,0.13
444,0.002,0.003,0.0,0.0,0.0,0.0,0.0,0.0,0.0,0.0,0.0,0.995,0.0,0.0,0.0,0.0,0.0
445,0.012,0.348,0.0,0.002,0.0,0.19,0.117,0.0,0.033,0.0,0.0,0.073,0.021,0.006,0.004,0.0,0.197
446,0.236,0.403,0.0,0.0,0.188,0.108,0.0,0.0,0.0,0.013,0.0,0.0,0.004,0.028,0.017,0.0,0.004
447,0.0,0.01,0.052,0.003,0.001,0.001,0.072,0.0,0.0,0.0,0.001,0.267,0.001,0.007,0.0,0.494,0.092
448,0.0,0.177,0.021,0.006,0.23,0.054,0.0,0.0,0.023,0.003,0.0,0.139,0.0,0.001,0.0,0.222,0.123
449,0.0,0.0,0.003,0.16,0.082,0.0,0.089,0.0,0.0,0.0,0.0,0.357,0.003,0.0,0.0,0.307,0.0
450,0.003,0.0,0.001,0.0,0.085,0.0,0.761,0.0,0.149,0.0,0.0,0.0,0.0,0.0,0.0,0.0,0.0
451,0.09,0.0,0.0,0.001,0.001,0.116,0.48,0.0,0.023,0.0,0.0,0.001,0.001,0.011,0.002,0.003,0.271
452,0.321,0.045,0.0,0.509,0.001,0.119,0.0,0.0,0.0,0.004,0.0,0.0,0.0,0.0,0.0,0.0,0.0
453,0.0,0.071,0.0,0.0,0.218,0.0,0.606,0.0,0.0,0.0,0.001,0.0,0.004,0.0,0.088,0.0,0.012
454,0.0,0.086,0.038,0.01,0.0,0.003,0.272,0.049,0.008,0.0,0.0,0.141,0.036,0.001,0.003,0.35,0.002
455,0.0,0.421,0.0,0.04,0.0,0.029,0.051,0.001,0.032,0.0,0.396,0.003,0.0,0.0,0.027,0.0,0.0
456,0.0,0.658,0.0,0.243,0.0,0.001,0.0,0.0,0.0,0.0,0.0,0.047,0.016,0.0,0.0,0.0,0.036
457,0.494,0.006,0.056,0.315,0.0,0.0,0.002,0.006,0.0,0.0,0.02,0.046,0.002,0.0,0.0,0.051,0.003
458,0.0,0.164,0.0,0.013,0.008,0.0,0.727,0.0,0.0,0.0,0.0,0.031,0.014,0.027,0.0,0.0,0.015
459,0.013,0.022,0.003,0.25,0.002,0.001,0.001,0.0,0.001,0.0,0.183,0.513,0.0,0.0,0.009,0.002,0.0
460,0.003,0.007,0.0,0.0,0.086,0.001,0.0,0.002,0.0,0.0,0.0,0.846,0.0,0.0,0.0,0.0,0.055
461,0.135,0.001,0.012,0.0,0.0,0.001,0.192,0.0,0.0,0.0,0.018,0.641,0.0,0.0,0.0,0.0,0.001
462,0.001,0.439,0.029,0.068,0.019,0.012,0.002,0.006,0.0,0.0,0.226,0.129,0.038,0.0,0.005,0.026,0.0
463,0.0,0.0,0.0,0.012,0.0,0.0,0.0,0.003,0.414,0.0,0.0,0.026,0.0,0.0,0.0,0.526,0.019
464,0.133,0.0,0.0,0.627,0.005,0.0,0.07,0.0,0.002,0.0,0.0,0.068,0.0,0.09,0.001,0.005,0.0
465,0.0,0.0,0.0,0.0,0.0,0.0,0.991,0.0,0.0,0.0,0.0,0.009,0.0,0.0,0.0,0.0,0.0
466,0.245,0.266,0.0,0.03,0.0,0.11,0.043,0.001,0.054,0.002,0.0,0.0,0.003,0.0,0.0,0.0,0.244
467,0.014,0.647,0.0,0.0,0.018,0.106,0.001,0.053,0.002,0.001,0.105,0.0,0.015,0.0,0.014,0.025,0.0
468,0.015,0.0,0.0,0.0,0.167,0.0,0.648,0.0,0.17,0.0,0.0,0.0,0.0,0.0,0.0,0.0,0.0
469,0.509,0.06,0.0,0.0,0.001,0.006,0.146,0.015,0.015,0.0,0.0,0.058,0.01,0.0,0.0,0.0,0.18
470,0.304,0.045,0.001,0.038,0.0,0.0,0.008,0.003,0.093,0.001,0.309,0.0,0.019,0.05,0.001,0.124,0.0
471,0.041,0.536,0.0,0.001,0.011,0.0,0.164,0.001,0.083,0.0,0.012,0.004,0.013,0.0,0.019,0.022,0.094
472,0.001,0.001,0.004,0.001,0.125,0.041,0.0,0.004,0.0,0.001,0.382,0.336,0.0,0.093,0.007,0.005,0.0
473,0.005,0.108,0.0,0.23,0.071,0.0,0.002,0.001,0.0,0.001,0.0,0.0,0.0,0.059,0.016,0.428,0.08
474,0.142,0.003,0.003,0.0,0.137,0.0,0.0,0.0,0.0,0.0,0.004,0.668,0.001,0.038,0.0,0.005,0.0
475,0.325,0.027,0.0,0.0,0.007,0.073,0.001,0.026,0.002,0.0,0.012,0.427,0.083,0.0,0.0,0.0,0.018
476,0.0,0.0,0.0,0.103,0.038,0.0,0.0,0.006,0.51,0.0,0.105,0.0,0.0,0.0,0.0,0.239,0.0
477,0.355,0.049,0.013,0.077,0.003,0.006,0.212,0.0,0.0,0.0,0.003,0.057,0.031,0.002,0.119,0.051,0.021
478,0.115,0.0,0.034,0.016,0.343,0.065,0.057,0.0,0.152,0.0,0.0,0.019,0.0,0.05,0.001,0.0,0.149
479,0.161,0.003,0.011,0.064,0.0,0.043,0.0,0.005,0.496,0.022,0.026,0.084,0.0,0.0,0.002,0.083,0.0
480,0.858,0.0,0.0,0.001,0.0,0.0,0.0,0.0,0.0,0.0,0.0,0.0,0.0,0.0,0.005,0.136,0.0
481,0.21,0.0,0.001,0.0,0.0,0.0,0.013,0.0,0.01,0.0,0.0,0.001,0.0,0.0,0.0,0.438,0.327
482,0.0,0.0,0.0,0.345,0.0,0.0,0.0,0.0,0.124,0.0,0.0,0.0,0.0,0.052,0.052,0.419,0.007
483,0.0,0.001,0.019,0.0,0.039,0.008,0.0,0.003,0.189,0.002,0.175,0.0,0.007,0.006,0.006,0.0,0.546
484,0.455,0.001,0.056,0.0,0.235,0.0,0.0,0.0,0.004,0.0,0.05,0.048,0.0,0.0,0.105,0.002,0.043
485,0.02,0.003,0.001,0.0,0.0,0.076,0.306,0.0,0.026,0.0,0.212,0.207,0.0,0.0,0.006,0.121,0.023
486,0.0,0.0,0.0,0.126,0.0,0.232,0.083,0.0,0.0,0.0,0.001,0.247,0.0,0.001,0.0,0.0,0.309
487,0.699,0.301,0.0,0.0,0.0,0.0,0.0,0.0,0.0,0.0,0.0,0.0,0.0,0.0,0.0,0.0,0.0
488,0.0,0.0,0.0,0.0,0.266,0.0,0.721,0.0,0.0,0.013,0.0,0.0,0.0,0.0,0.0,0.0,0.0
489,0.0,0.372,0.007,0.001,0.216,0.051,0.001,0.006,0.003,0.005,0.0,0.126,0.069,0.097,0.045,0.0,0.003
490,0.012,0.913,0.0,0.02,0.0,0.002,0.001,0.0,0.0,0.0,0.0,0.0,0.034,0.0,0.0,0.0,0.017
491,0.675,0.002,0.002,0.0,0.0,0.0,0.006,0.003,0.003,0.002,0.077,0.011,0.011,0.114,0.0,0.0,0.093
492,0.005,0.0,0.008,0.026,0.0,0.221,0.006,0.007,0.0,0.0,0.0,0.01,0.09,0.019,0.0,0.06,0.546
493,0.117,0.012,0.001,0.233,0.041,0.004,0.0,0.018,0.0,0.0,0.064,0.0,0.0,0.071,0.0,0.322,0.117
494,0.0,0.662,0.0,0.0,0.0,0.196,0.011,0.0,0.118,0.0,0.0,0.0,0.001,0.0,0.0,0.012,0.0
495,0.308,0.001,0.002,0.01,0.015,0.035,0.004,0.011,0.039,0.005,0.041,0.037,0.043,0.002,0.007,0.439,0.0
496,0.0,0.0,0.0,0.0,0.21,0.107,0.001,0.0,0.436,0.0,0.0,0.01,0.0,0.0,0.0,0.087,0.151
497,0.001,0.0,0.0,0.0,0.0,0.09,0.071,0.045,0.377,0.012,0.058,0.18,0.003,0.0,0.009,0.132,0.022
498,0.0,0.032,0.0,0.0,0.0,0.008,0.0,0.0,0.004,0.015,0.094,0.842,0.004,0.0,0.0,0.0,0.0
499,0.056,0.014,0.001,0.175,0.151,0.0,0.393,0.0,0.046,0.0,0.004,0.018,0.089,0.019,0.004,0.029,0.003
500,0.0,0.02,0.025,0.001,0.042,0.21,0.0,0.001,0.0,0.0,0.166,0.498,0.0,0.021,0.004,0.012,0.0
501,0.0,0.107,0.05,0.0,0.001,0.11,0.0,0.0,0.0,0.012,0.296,0.03,0.003,0.005,0.015,0.001,0.371
502,0.003,0.005,0.0,0.005,0.041,0.231,0.0,0.0,0.001,0.0,0.37,0.0,0.002,0.0,0.0,0.04,0.3
503,0.783,0.0,0.0,0.003,0.027,0.012,0.001,0.004,0.012,0.009,0.003,0.067,0.038,0.039,0.0,0.001,0.001
504,0.002,0.0,0.009,0.056,0.017,0.005,0.391,0.012,0.021,0.002,0.171,0.06,0.021,0.032,0.001,0.003,0.197
505,0.0,0.004,0.002,0.003,0.365,0.139,0.003,0.018,0.0,0.0,0.251,0.031,0.014,0.007,0.0,0.029,0.133
506,0.183,0.231,0.0,0.033,0.0,0.005,0.0,0.002,0.0,0.0,0.192,0.02,0.001,0.077,0.0,0.171,0.085
507,0.033,0.023,0.0,0.01,0.0,0.031,0.292,0.0,0.01,0.0,0.0,0.0,0.045,0.008,0.01,0.157,0.38
508,0.003,0.0,0.0,0.01,0.182,0.0,0.273,0.0,0.037,0.005,0.0,0.426,0.043,0.017,0.003,0.0,0.0
509,0.87,0.0,0.009,0.0,0.0,0.0,0.047,0.005,0.0,0.0,0.047,0.0,0.0,0.003,0.0,0.019,0.0
510,0.138,0.68,0.0,0.0,0.0,0.0,0.0,0.0,0.0,0.0,0.073,0.109,0.0,0.0,0.0,0.0,0.0
511,0.127,0.002,0.01,0.08,0.092,0.0,0.0,0.0,0.011,0.0,0.009,0.378,0.016,0.0,0.0,0.194,0.08
512,0.902,0.0,0.0,0.0,0.047,0.0,0.0,0.0,0.0,0.0,0.0,0.0,0.002,0.0,0.0,0.0,0.049
513,0.0,0.0,0.002,0.0,0.0,0.0,0.0,0.001,0.0,0.0,0.0,0.996,0.0,0.0,0.001,0.0,0.0
514,0.0,0.015,0.0,0.0,0.633,0.198,0.0,0.017,0.0,0.0,0.136,0.0,0.0,0.0,0.0,0.0,0.0
515,0.0,0.002,0.017,0.006,0.0,0.0,0.0,0.0,0.0,0.0,0.209,0.0,0.0,0.0,0.0,0.538,0.228
516,0.095,0.019,0.004,0.262,0.0,0.006,0.0,0.001,0.001,0.0,0.0,0.0,0.0,0.06,0.0,0.032,0.52
517,0.002,0.135,0.001,0.035,0.642,0.037,0.072,0.0,0.0,0.0,0.0,0.009,0.0,0.0,0.001,0.0,0.066
518,0.0,0.151,0.0,0.115,0.006,0.228,0.005,0.0,0.35,0.013,0.008,0.001,0.0,0.0,0.064,0.019,0.04
519,0.0,0.0,0.0,0.413,0.199,0.007,0.0,0.0,0.0,0.0,0.0,0.0,0.0,0.0,0.0,0.268,0.112
520,0.017,0.041,0.0,0.079,0.012,0.004,0.001,0.035,0.335,0.022,0.127,0.128,0.006,0.046,0.004,0.141,0.0
521,0.001,0.296,0.047,0.076,0.345,0.0,0.193,0.003,0.0,0.0,0.0,0.007,0.0,0.0,0.0,0.028,0.002
522,0.001,0.0,0.002,0.047,0.002,0.037,0.0,0.0,0.017,0.002,0.028,0.571,0.0,0.044,0.0,0.248,0.001
523,0.04,0.051,0.004,0.437,0.066,0.0,0.048,0.004,0.018,0.0,0.086,0.119,0.002,0.0,0.014,0.003,0.108
524,0.006,0.054,0.0,0.101,0.037,0.0,0.0,0.0,0.047,0.0,0.0,0.216,0.001,0.0,0.0,0.538,0.0
525,0.01,0.0,0.0,0.0,0.0,0.003,0.0,0.0,0.984,0.0,0.0,0.0,0.0,0.0,0.0,0.0,0.004
526,0.0,0.0,0.0,0.001,0.0,0.0,0.008,0.0,0.0,0.0,0.011,0.55,0.0,0.0,0.0,0.0,0.43
527,0.0,0.091,0.0,0.0,0.0,0.017,0.06,0.018,0.0,0.0,0.003,0.0,0.0,0.0,0.001,0.401,0.409
528,0.051,0.0,0.011,0.0,0.0,0.006,0.028,0.0,0.0,0.0,0.001,0.853,0.0,0.002,0.018,0.001,0.03
529,0.028,0.001,0.034,0.003,0.064,0.022,0.225,0.01,0.0,0.0,0.17,0.173,0.03,0.014,0.005,0.126,0.096
530,0.03,0.251,0.0,0.0,0.0,0.0,0.0,0.0,0.562,0.0,0.0,0.145,0.0,0.0,0.0,0.011,0.0
531,0.042,0.001,0.001,0.0,0.05,0.012,0.0,0.009,0.558,0.001,0.097,0.06,0.117,0.001,0.011,0.003,0.037
532,0.002,0.165,0.028,0.526,0.003,0.052,0.019,0.007,0.081,0.023,0.0,0.04,0.0,0.051,0.001,0.0,0.0
533,0.55,0.0,0.0,0.0,0.187,0.0,0.0,0.0,0.0,0.0,0.002,0.0,0.0,0.0,0.0,0.008,0.252
534,0.0,0.357,0.0,0.016,0.0,0.209,0.001,0.026,0.128,0.026,0.0,0.0,0.0,0.0,0.008,0.037,0.192
535,0.004,0.0,0.058,0.003,0.279,0.0,0.001,0.0,0.0,0.017,0.134,0.301,0.0,0.0,0.0,0.124,0.08
536,0.002,0.091,0.011,0.001,0.024,0.0,0.295,0.0,0.0,0.0,0.0,0.001,0.007,0.011,0.008,0.0,0.55
537,0.003,0.369,0.04,0.0,0.0,0.0,0.004,0.004,0.023,0.0,0.0,0.053,0.065,0.0,0.0,0.0,0.439
538,0.0,0.0,0.0,0.0,0.04,0.0,0.596,0.0,0.0,0.0,0.162,0.0,0.058,0.0,0.0,0.143,0.0
539,0.059,0.001,0.004,0.315,0.007,0.0,0.048,0.001,0.057,0.0,0.012,0.355,0.015,0.0,0.099,0.02,0.009
540,0.002,0.0,0.0,0.001,0.0,0.006,0.0,0.0,0.939,0.0,0.051,0.0,0.0,0.001,0.0,0.0,0.0
541,0.0,0.002,0.0,0.0,0.0,0.0,0.913,0.002,0.0,0.002,0.001,0.001,0.013,0.002,0.0,0.064,0.0
542,0.0,0.001,0.0,0.0,0.006,0.023,0.008,0.0,0.798,0.0,0.0,0.013,0.151,0.0,0.0,0.0,0.0
543,0.0,0.014,0.015,0.056,0.069,0.177,0.031,0.011,0.067,0.002,0.012,0.037,0.01,0.105,0.107,0.001,0.288
544,0.0,0.167,0.0,0.0,0.729,0.0,0.0,0.0,0.039,0.017,0.0,0.047,0.0,0.0,0.0,0.0,0.0
545,0.0,0.126,0.0,0.013,0.044,0.002,0.002,0.027,0.2,0.002,0.103,0.002,0.009,0.002,0.0,0.469,0.0
546,0.109,0.179,0.001,0.0,0.001,0.0,0.23,0.0,0.023,0.0,0.016,0.17,0.0,0.07,0.012,0.0,0.187
547,0.017,0.231,0.032,0.001,0.403,0.001,0.014,0.0,0.046,0.005,0.036,0.075,0.019,0.0,0.08,0.039,0.001
548,0.0,0.251,0.015,0.016,0.006,0.002,0.055,0.051,0.0,0.0,0.154,0.172,0.022,0.0,0.0,0.247,0.007
549,0.48,0.09,0.001,0.001,0.02,0.042,0.04,0.01,0.01,0.0,0.0,0.236,0.064,0.0,0.0,0.0,0.008
550,0.0,0.018,0.0,0.004,0.0,0.003,0.0,0.003,0.0,0.0,0.0,0.549,0.001,0.0,0.0,0.413,0.01
551,0.362,0.181,0.001,0.01,0.004,0.079,0.127,0.0,0.041,0.005,0.014,0.115,0.0,0.023,0.0,0.0,0.037
552,0.285,0.15,0.005,0.121,0.0,0.098,0.037,0.012,0.003,0.005,0.014,0.0,0.0,0.077,0.017,0.158,0.016
553,0.587,0.0,0.0,0.005,0.0,0.0,0.0,0.001,0.236,0.0,0.004,0.044,0.012,0.008,0.0,0.102,0.0
554,0.083,0.424,0.0,0.115,0.005,0.0,0.068,0.0,0.171,0.0,0.001,0.019,0.001,0.067,0.001,0.0,0.046
555,0.514,0.0,0.014,0.021,0.005,0.163,0.168,0.0,0.01,0.0,0.0,0.0,0.0,0.067,0.0,0.038,0.0
556,0.508,0.0,0.018,0.0,0.001,0.0,0.068,0.003,0.111,0.0,0.096,0.174,0.0,0.016,0.006,0.0,0.001
557,0.0,0.86,0.0,0.003,0.0,0.007,0.031,0.034,0.025,0.0,0.0,0.0,0.023,0.0,0.017,0.0,0.001
558,0.0,0.049,0.022,0.02,0.027,0.001,0.003,0.0,0.079,0.0,0.006,0.549,0.0,0.089,0.081,0.038,0.036
559,0.0,0.001,0.0,0.125,0.363,0.012,0.0,0.02,0.023,0.0,0.001,0.005,0.032,0.002,0.05,0.01,0.353
560,0.012,0.001,0.0,0.261,0.087,0.0,0.072,0.0,0.043,0.006,0.0,0.339,0.082,0.0,0.0,0.09,0.007
561,0.0,0.0,0.0,0.0,0.0,0.009,0.0,0.0,0.0,0.006,0.29,0.161,0.0,0.022,0.0,0.0,0.511
562,0.518,0.162,0.0,0.0,0.0,0.0,0.166,0.0,0.0,0.0,0.117,0.015,0.0,0.017,0.0,0.0,0.005
563,0.443,0.004,0.001,0.0,0.004,0.001,0.17,0.0,0.201,0.0,0.0,0.0,0.174,0.0,0.0,0.0,0.002
564,0.412,0.0,0.043,0.394,0.033,0.002,0.0,0.0,0.0,0.0,0.0,0.0,0.0,0.038,0.0,0.058,0.021
565,0.003,0.0,0.0,0.0,0.049,0.0,0.937,0.0,0.004,0.0,0.0,0.0,0.0,0.0,0.003,0.0,0.005
566,0.092,0.477,0.0,0.002,0.001,0.0,0.0,0.024,0.011,0.0,0.0,0.32,0.0,0.007,0.0,0.017,0.049
567,0.01,0.0,0.0,0.001,0.0,0.0,0.0,0.0,0.001,0.0,0.001,0.567,0.0,0.001,0.0,0.0,0.419
568,0.199,0.0,0.003,0.633,0.0,0.0,0.0,0.0,0.099,0.013,0.022,0.032,0.0,0.0,0.0,0.0,0.0
569,0.623,0.0,0.001,0.08,0.025,0.0,0.0,0.0,0.016,0.0,0.0,0.0,0.0,0.011,0.0,0.176,0.068
570,0.0,0.0,0.0,0.0,0.0,0.153,0.265,0.0,0.567,0.0,0.0,0.0,0.0,0.0,0.004,0.009,0.0
571,0.001,0.234,0.0,0.001,0.014,0.135,0.219,0.003,0.019,0.001,0.107,0.007,0.003,0.004,0.001,0.152,0.1
572,0.0,0.001,0.0,0.21,0.376,0.047,0.085,0.016,0.0,0.004,0.001,0.0,0.0,0.002,0.077,0.181,0.0
573,0.015,0.0,0.001,0.15,0.0,0.011,0.0,0.005,0.0,0.001,0.19,0.0,0.0,0.0,0.053,0.465,0.107
574,0.0,0.0,0.0,0.0,0.0,0.009,0.073,0.0,0.007,0.001,0.0,0.888,0.021,0.0,0.0,0.0,0.0
575,0.0,0.268,0.0,0.11,0.0,0.004,0.015,0.002,0.002,0.019,0.366,0.001,0.06,0.05,0.059,0.009,0.034
576,0.091,0.0,0.006,0.0,0.044,0.0,0.031,0.0,0.116,0.0,0.018,0.0,0.09,0.003,0.0,0.0,0.601
577,0.0,0.0,0.0,0.003,0.58,0.014,0.402,0.0,0.0,0.0,0.0,0.0,0.0,0.001,0.0,0.0,0.0
578,0.057,0.001,0.002,0.015,0.0,0.002,0.503,0.0,0.347,0.007,0.0,0.042,0.001,0.0,0.017,0.005,0.0
579,0.754,0.014,0.0,0.025,0.012,0.002,0.042,0.0,0.002,0.0,0.0,0.001,0.038,0.0,0.11,0.0,0.0
580,0.425,0.192,0.0,0.002,0.0,0.0,0.024,0.002,0.316,0.0,0.001,0.004,0.001,0.028,0.002,0.0,0.003
581,0.004,0.0,0.0,0.285,0.009,0.012,0.11,0.001,0.091,0.0,0.084,0.039,0.001,0.026,0.0,0.015,0.323
582,0.0,0.0,0.005,0.094,0.017,0.001,0.0,0.0,0.0,0.0,0.364,0.0,0.029,0.053,0.049,0.001,0.386
583,0.186,0.001,0.0,0.0,0.349,0.007,0.256,0.0,0.0,0.0,0.015,0.0,0.0,0.057,0.0,0.0,0.129
584,0.03,0.0,0.002,0.644,0.002,0.018,0.006,0.0,0.203,0.0,0.002,0.0,0.0,0.0,0.0,0.093,0.0
585,0.004,0.995,0.0,0.0,0.0,0.0,0.0,0.0,0.001,0.0,0.0,0.0,0.0,0.0,0.0,0.0,0.0
586,0.028,0.024,0.009,0.0,0.072,0.229,0.001,0.005,0.002,0.012,0.0,0.0,0.0,0.002,0.0,0.074,0.543
587,0.024,0.002,0.0,0.0,0.223,0.003,0.005,0.009,0.003,0.0,0.0,0.487,0.022,0.0,0.02,0.001,0.201
588,0.0,0.0,0.0,0.002,0.325,0.0,0.096,0.046,0.314,0.0,0.0,0.0,0.0,0.0,0.0,0.0,0.217
589,0.055,0.052,0.0,0.062,0.043,0.003,0.023,0.0,0.185,0.003,0.035,0.516,0.0,0.0,0.005,0.02,0.0
590,0.059,0.308,0.0,0.178,0.013,0.045,0.01,0.0,0.098,0.0,0.0,0.001,0.0,0.078,0.077,0.13,0.003
591,0.075,0.0,0.011,0.0,0.0,0.0,0.778,0.0,0.003,0.0,0.019,0.108,0.002,0.0,0.0,0.002,0.0
592,0.002,0.0,0.006,0.209,0.185,0.0,0.0,0.0,0.057,0.004,0.032,0.388,0.001,0.069,0.019,0.0,0.029
593,0.041,0.406,0.011,0.002,0.022,0.035,0.132,0.0,0.0,0.0,0.052,0.287,0.003,0.0,0.006,0.0,0.002
594,0.249,0.056,0.015,0.005,0.011,0.061,0.19,0.025,0.025,0.001,0.106,0.161,0.056,0.009,0.002,0.006,0.021
595,0.341,0.141,0.0,0.001,0.0,0.005,0.061,0.0,0.033,0.006,0.004,0.0,0.001,0.0,0.0,0.387,0.02
596,0.38,0.534,0.02,0.0,0.0,0.019,0.0,0.043,0.0,0.0,0.0,0.0,0.0,0.0,0.002,0.001,0.0
597,0.043,0.01,0.0,0.016,0.0,0.075,0.0,0.0,0.026,0.0,0.0,0.589,0.0,0.0,0.0,0.0,0.24
598,0.0,0.067,0.0,0.018,0.0,0.0,0.891,0.0,0.0,0.0,0.009,0.0,0.0,0.0,0.015,0.0,0.0
599,0.001,0.042,0.0,0.238,0.123,0.0,0.034,0.0,0.19,0.0,0.001,0.02,0.01,0.0,0.0,0.026,0.315
600,0.003,0.142,0.041,0.015,0.0,0.0,0.0,0.054,0.188,0.0,0.043,0.339,0.0,0.0,0.0,0.175,0.0
601,0.409,0.59,0.0,0.001,0.0,0.0,0.0,0.0,0.0,0.0,0.0,0.0,0.0,0.0,0.0,0.0,0.0
602,0.011,0.0,0.006,0.001,0.019,0.141,0.0,0.0,0.0,0.0,0.281,0.171,0.0,0.001,0.001,0.368,0.0
603,0.0,0.3,0.0,0.117,0.004,0.018,0.0,0.0,0.005,0.008,0.0,0.28,0.0,0.0,0.0,0.0,0.268
604,0.0,0.879,0.0,0.0,0.0,0.077,0.004,0.0,0.005,0.0,0.0,0.0,0.0,0.0,0.006,0.0,0.028
605,0.026,0.0,0.023,0.0,0.017,0.0,0.845,0.0,0.0,0.019,0.005,0.0,0.05,0.014,0.0,0.0,0.0
606,0.0,0.124,0.007,0.0,0.748,0.0,0.0,0.0,0.039,0.001,0.004,0.077,0.0,0.0,0.0,0.001,0.0
607,0.001,0.045,0.0,0.114,0.0,0.071,0.587,0.004,0.02,0.0,0.0,0.094,0.0,0.055,0.01,0.0,0.0
608,0.038,0.036,0.0,0.0,0.005,0.0,0.0,0.0,0.922,0.0,0.0,0.0,0.0,0.0,0.0,0.0,0.0
609,0.0,0.0,0.0,0.0,0.0,0.0,0.0,0.0,0.207,0.0,0.0,0.266,0.0,0.0,0.001,0.0,0.525
610,0.001,0.019,0.046,0.0,0.525,0.001,0.08,0.003,0.123,0.0,0.0,0.002,0.158,0.0,0.041,0.0,0.0
611,0.001,0.035,0.006,0.064,0.001,0.068,0.763,0.006,0.005,0.0,0.002,0.0,0.019,0.005,0.015,0.0,0.01
612,0.012,0.299,0.0,0.002,0.0,0.0,0.0,0.0,0.0,0.0,0.0,0.639,0.0,0.0,0.047,0.001,0.0
613,0.382,0.001,0.019,0.04,0.002,0.0,0.034,0.013,0.314,0.001,0.016,0.13,0.0,0.045,0.0,0.0,0.001
614,0.004,0.922,0.0,0.0,0.0,0.0,0.004,0.0,0.003,0.0,0.0,0.033,0.024,0.001,0.0,0.008,0.0
615,0.687,0.0,0.002,0.0,0.0,0.0,0.0,0.043,0.0,0.0,0.0,0.243,0.0,0.014,0.002,0.008,0.0
616,0.0,0.113,0.0,0.0,0.0,0.049,0.0,0.0,0.413,0.003,0.0,0.194,0.0,0.0,0.0,0.085,0.143
617,0.189,0.197,0.001,0.02,0.0,0.0,0.0,0.0,0.0,0.003,0.0,0.0,0.0,0.0,0.0,0.304,0.285
618,0.062,0.012,0.0,0.0,0.402,0.0,0.375,0.0,0.0,0.001,0.045,0.0,0.0,0.0,0.0,0.002,0.101
619,0.027,0.296,0.0,0.0,0.504,0.0,0.136,0.0,0.0,0.0,0.0,0.0,0.0,0.0,0.0,0.0,0.036
620,0.082,0.0,0.0,0.0,0.017,0.02,0.353,0.0,0.145,0.01,0.084,0.058,0.033,0.014,0.0,0.183,0.001
621,0.0,0.012,0.03,0.804,0.0,0.0,0.0,0.0,0.0,0.0,0.0,0.082,0.0,0.071,0.0,0.0,0.0
622,0.005,0.008,0.033,0.028,0.406,0.003,0.121,0.0,0.0,0.0,0.291,0.0,0.0,0.0,0.0,0.053,0.051
623,0.0,0.0,0.0,0.307,0.024,0.046,0.192,0.0,0.0,0.003,0.0,0.0,0.0,0.0,0.0,0.0,0.427
624,0.0,0.0,0.0,0.0,0.093,0.0,0.547,0.002,0.346,0.0,0.0,0.0,0.01,0.0,0.002,0.0,0.0
625,0.042,0.008,0.001,0.34,0.018,0.026,0.207,0.022,0.102,0.0,0.001,0.109,0.0,0.0,0.112,0.013,0.0
626,0.022,0.0,0.0,0.0,0.0,0.0,0.063,0.005,0.006,0.0,0.0,0.903,0.0,0.0,0.0,0.0,0.0
627,0.0,0.155,0.003,0.01,0.493,0.0,0.16,0.0,0.0,0.0,0.152,0.0,0.008,0.0,0.0,0.019,0.001
628,0.0,0.27,0.0,0.0,0.242,0.0,0.0,0.03,0.003,0.0,0.0,0.0,0.0,0.0,0.113,0.341,0.0
629,0.001,0.0,0.0,0.108,0.0,0.001,0.006,0.0,0.437,0.0,0.004,0.141,0.005,0.006,0.05,0.211,0.03
630,0.64,0.002,0.001,0.0,0.027,0.004,0.082,0.043,0.0,0.001,0.013,0.164,0.011,0.001,0.009,0.003,0.0
631,0.0,0.0,0.0,0.0,0.41,0.0,0.001,0.001,0.0,0.0,0.005,0.002,0.001,0.0,0.001,0.0,0.58
632,0.046,0.034,0.002,0.0,0.417,0.179,0.014,0.015,0.016,0.022,0.182,0.001,0.0,0.027,0.001,0.044,0.0
633,0.012,0.006,0.001,0.011,0.04,0.0,0.252,0.0,0.004,0.006,0.0,0.118,0.001,0.028,0.001,0.016,0.502
634,0.0,0.407,0.0,0.0,0.001,0.016,0.0,0.0,0.0,0.0,0.001,0.501,0.0,0.009,0.028,0.037,0.0
635,0.009,0.006,0.0,0.02,0.007,0.0,0.0,0.0,0.375,0.0,0.0,0.031,0.0,0.0,0.033,0.0,0.52
636,0.055,0.657,0.0,0.009,0.016,0.153,0.0,0.0,0.032,0.0,0.0,0.036,0.009,0.0,0.001,0.001,0.031
637,0.0,0.0,0.0,0.0,0.252,0.207,0.0,0.0,0.0,0.0,0.0,0.021,0.0,0.001,0.002,0.311,0.206
638,0.001,0.012,0.0,0.001,0.008,0.0,0.033,0.0,0.413,0.0,0.0,0.033,0.011,0.0,0.0,0.488,0.0
639,0.0,0.377,0.0,0.034,0.048,0.0,0.359,0.022,0.034,0.0,0.0,0.002,0.021,0.0,0.0,0.051,0.051
640,0.0,0.397,0.0,0.0,0.021,0.218,0.005,0.002,0.002,0.0,0.0,0.081,0.0,0.0,0.099,0.0,0.174
641,0.0,0.0,0.001,0.033,0.001,0.006,0.0,0.0,0.463,0.01,0.0,0.096,0.0,0.0,0.0,0.0,0.39
642,0.015,0.14,0.015,0.014,0.0,0.0,0.494,0.0,0.246,0.0,0.077,0.0,0.0,0.0,0.0,0.0,0.0
643,0.07,0.006,0.0,0.0,0.0,0.015,0.0,0.0,0.541,0.0,0.012,0.0,0.105,0.0,0.0,0.0,0.251
644,0.011,0.177,0.01,0.0,0.0,0.0,0.227,0.0,0.001,0.0,0.297,0.135,0.023,0.002,0.103,0.0,0.013
645,0.01,0.0,0.0,0.507,0.0,0.0,0.006,0.0,0.255,0.0,0.016,0.0,0.004,0.04,0.0,0.163,0.0
646,0.001,0.0,0.0,0.056,0.167,0.006,0.09,0.0,0.217,0.0,0.001,0.418,0.003,0.018,0.006,0.006,0.011
647,0.0,0.363,0.0,0.148,0.0,0.007,0.0,0.0,0.003,0.015,0.016,0.403,0.0,0.044,0.0,0.0,0.0
648,0.168,0.063,0.002,0.003,0.049,0.069,0.008,0.0,0.003,0.01,0.0,0.002,0.033,0.001,0.001,0.518,0.071
649,0.773,0.0,0.0,0.08,0.0,0.054,0.018,0.006,0.0,0.0,0.0,0.042,0.0,0.017,0.0,0.01,0.0
650,0.023,0.018,0.0,0.261,0.001,0.032,0.228,0.0,0.287,0.003,0.007,0.0,0.0,0.009,0.08,0.001,0.052
651,0.51,0.106,0.0,0.0,0.219,0.044,0.0,0.0,0.0,0.0,0.0,0.0,0.0,0.009,0.002,0.0,0.11
652,0.001,0.966,0.0,0.0,0.019,0.0,0.0,0.0,0.0,0.0,0.0,0.012,0.001,0.0,0.0,0.0,0.0
653,0.096,0.195,0.012,0.064,0.105,0.001,0.385,0.0,0.0,0.0,0.0,0.001,0.079,0.001,0.0,0.002,0.059
654,0.0,0.023,0.0,0.0,0.0,0.0,0.0,0.0,0.967,0.0,0.0,0.0,0.0,0.0,0.002,0.0,0.008
655,0.001,0.131,0.0,0.001,0.087,0.203,0.488,0.001,0.029,0.0,0.005,0.001,0.047,0.002,0.0,0.0,0.003
656,0.0,0.0,0.0,0.003,0.0,0.0,0.0,0.0,0.933,0.0,0.0,0.036,0.0,0.0,0.0,0.0,0.028
657,0.445,0.503,0.004,0.0,0.0,0.0,0.0,0.0,0.003,0.0,0.0,0.0,0.043,0.002,0.0,0.0,0.0
658,0.0,0.0,0.001,0.046,0.728,0.0,0.0,0.0,0.0,0.003,0.013,0.086,0.0,0.0,0.011,0.108,0.004
659,0.0,0.948,0.0,0.0,0.0,0.0,0.01,0.0,0.0,0.0,0.022,0.0,0.014,0.005,0.0,0.001,0.0
660,0.273,0.28,0.048,0.213,0.0,0.022,0.028,0.0,0.107,0.0,0.0,0.016,0.001,0.0,0.005,0.005,0.002
661,0.369,0.349,0.0,0.0,0.122,0.0,0.011,0.04,0.08,0.002,0.0,0.0,0.0,0.0,0.0,0.0,0.026
662,0.014,0.268,0.0,0.007,0.036,0.0,0.038,0.0,0.521,0.0,0.001,0.0,0.0,0.0,0.114,0.0,0.0
663,0.0,0.0,0.002,0.394,0.0,0.0,0.022,0.002,0.042,0.0,0.0,0.069,0.12,0.019,0.013,0.128,0.188
664,0.0,0.091,0.002,0.0,0.473,0.0,0.163,0.0,0.181,0.0,0.001,0.0,0.0,0.004,0.0,0.007,0.078
665,0.116,0.023,0.006,0.128,0.215,0.01,0.065,0.009,0.242,0.0,0.168,0.0,0.0,0.003,0.006,0.008,0.0
666,0.024,0.0,0.0,0.0,0.0,0.0,0.049,0.0,0.776,0.001,0.053,0.069,0.012,0.0,0.0,0.015,0.0
667,0.558,0.053,0.0,0.003,0.177,0.0,0.0,0.005,0.066,0.0,0.0,0.044,0.055,0.021,0.013,0.002,0.003
668,0.045,0.0,0.0,0.155,0.0,0.001,0.011,0.0,0.431,0.0,0.006,0.213,0.017,0.0,0.004,0.0,0.118
669,0.0,0.045,0.0,0.348,0.0,0.006,0.006,0.0,0.176,0.0,0.0,0.249,0.027,0.006,0.0,0.0,0.136
670,0.0,0.058,0.0,0.215,0.012,0.015,0.366,0.0,0.012,0.0,0.031,0.137,0.0,0.054,0.0,0.046,0.053
671,0.149,0.0,0.0,0.0,0.0,0.0,0.054,0.0,0.216,0.0,0.035,0.179,0.0,0.0,0.0,0.366,0.0
672,0.074,0.014,0.0,0.519,0.0,0.0,0.129,0.0,0.005,0.0,0.0,0.038,0.0,0.033,0.0,0.0,0.187
673,0.443,0.003,0.0,0.001,0.0,0.005,0.0,0.003,0.0,0.0,0.001,0.377,0.013,0.0,0.031,0.0,0.122
674,0.027,0.0,0.002,0.487,0.0,0.002,0.172,0.025,0.01,0.0,0.005,0.024,0.005,0.074,0.044,0.0,0.124
675,0.022,0.06,0.025,0.258,0.072,0.0,0.067,0.0,0.049,0.002,0.018,0.011,0.0,0.0,0.06,0.301,0.056
676,0.007,0.0,0.0,0.001,0.0,0.0,0.0,0.0,0.0,0.0,0.0,0.936,0.0,0.01,0.0,0.046,0.0
677,0.224,0.0,0.001,0.0,0.532,0.004,0.0,0.0,0.001,0.001,0.157,0.0,0.0,0.0,0.0,0.003,0.077
678,0.187,0.0,0.048,0.461,0.033,0.077,0.0,0.001,0.075,0.0,0.003,0.0,0.091,0.0,0.0,0.021,0.002
679,0.0,0.0,0.0,0.0,0.001,0.0,0.0,0.0,0.0,0.0,0.0,0.77,0.0,0.0,0.0,0.093,0.136
680,0.086,0.0,0.001,0.0,0.002,0.0,0.445,0.01,0.196,0.0,0.001,0.0,0.08,0.007,0.0,0.034,0.139
681,0.0,0.0,0.0,0.001,0.209,0.0,0.044,0.0,0.279,0.0,0.0,0.001,0.0,0.018,0.003,0.0,0.446
682,0.0,0.023,0.001,0.0,0.165,0.0,0.022,0.032,0.0,0.0,0.096,0.319,0.003,0.042,0.0,0.0,0.297
683,0.0,0.655,0.0,0.002,0.045,0.048,0.0,0.0,0.0,0.0,0.0,0.138,0.086,0.0,0.0,0.0,0.025
684,0.001,0.0,0.0,0.0,0.0,0.013,0.0,0.0,0.0,0.001,0.001,0.533,0.007,0.071,0.0,0.068,0.305
685,0.0,0.016,0.022,0.196,0.004,0.0,0.0,0.002,0.067,0.0,0.399,0.227,0.0,0.0,0.063,0.004,0.0
686,0.0,0.055,0.007,0.015,0.002,0.036,0.001,0.004,0.347,0.0,0.023,0.037,0.002,0.071,0.012,0.162,0.226
687,0.272,0.054,0.0,0.006,0.081,0.0,0.511,0.001,0.005,0.011,0.0,0.008,0.0,0.003,0.0,0.009,0.037
688,0.004,0.009,0.034,0.0,0.18,0.0,0.014,0.003,0.18,0.0,0.049,0.013,0.003,0.001,0.0,0.005,0.505
689,0.0,0.0,0.0,0.002,0.258,0.0,0.335,0.037,0.065,0.001,0.005,0.039,0.002,0.0,0.0,0.255,0.0
690,0.004,0.331,0.0,0.0,0.0,0.0,0.0,0.0,0.658,0.0,0.0,0.008,0.0,0.0,0.0,0.0,0.0
691,0.001,0.331,0.032,0.028,0.15,0.002,0.001,0.0,0.234,0.003,0.049,0.047,0.106,0.001,0.0,0.014,0.0
692,0.0,0.368,0.028,0.033,0.0,0.002,0.319,0.031,0.102,0.0,0.0,0.0,0.0,0.011,0.078,0.0,0.027
693,0.008,0.0,0.0,0.0,0.0,0.139,0.399,0.0,0.0,0.0,0.18,0.0,0.0,0.002,0.029,0.013,0.23
694,0.0,0.142,0.0,0.0,0.002,0.0,0.169,0.042,0.002,0.002,0.321,0.01,0.0,0.0,0.054,0.0,0.257
695,0.0,0.024,0.002,0.145,0.0,0.0,0.0,0.0,0.0,0.02,0.0,0.726,0.044,0.035,0.0,0.001,0.002
696,0.0,0.001,0.0,0.006,0.0,0.102,0.0,0.0,0.0,0.0,0.0,0.739,0.0,0.0,0.099,0.0,0.053
697,0.0,0.0,0.0,0.597,0.0,0.005,0.0,0.006,0.0,0.0,0.303,0.059,0.006,0.0,0.0,0.019,0.005
698,0.0,0.136,0.0,0.0,0.0,0.002,0.0,0.0,0.0,0.004,0.084,0.773,0.0,0.0,0.0,0.0,0.0
699,0.035,0.022,0.015,0.194,0.069,0.01,0.0,0.034,0.185,0.0,0.077,0.243,0.076,0.002,0.038,0.0,0.0
700,0.0,0.0,0.008,0.859,0.002,0.022,0.0,0.0,0.003,0.008,0.0,0.018,0.0,0.08,0.0,0.001,0.0
701,0.003,0.0,0.002,0.0,0.154,0.016,0.002,0.022,0.001,0.016,0.041,0.377,0.0,0.0,0.0,0.354,0.013
702,0.149,0.698,0.0,0.0,0.0,0.0,0.044,0.0,0.0,0.0,0.026,0.08,0.0,0.0,0.003,0.0,0.0
703,0.067,0.241,0.018,0.1,0.474,0.0,0.0,0.0,0.055,0.0,0.0,0.0,0.0,0.0,0.003,0.0,0.042
704,0.019,0.0,0.0,0.005,0.346,0.019,0.01,0.016,0.0,0.014,0.0,0.0,0.0,0.095,0.0,0.138,0.338
705,0.086,0.001,0.003,0.0,0.0,0.094,0.34,0.0,0.004,0.024,0.046,0.004,0.0,0.005,0.056,0.166,0.17
706,0.002,0.0,0.018,0.05,0.057,0.018,0.362,0.016,0.035,0.003,0.259,0.14,0.023,0.009,0.004,0.003,0.0
707,0.0,0.009,0.038,0.006,0.61,0.0,0.0,0.0,0.0,0.003,0.022,0.0,0.169,0.0,0.0,0.0,0.144
708,0.19,0.302,0.0,0.068,0.055,0.0,0.0,0.0,0.008,0.0,0.361,0.0,0.0,0.0,0.0,0.0,0.016
709,0.0,0.0,0.0,0.0,0.547,0.032,0.0,0.015,0.0,0.0,0.004,0.006,0.0,0.063,0.019,0.017,0.296
710,0.025,0.34,0.026,0.256,0.021,0.072,0.142,0.007,0.005,0.002,0.069,0.001,0.0,0.015,0.001,0.009,0.008
711,0.105,0.0,0.0,0.0,0.0,0.0,0.0,0.048,0.09,0.0,0.0,0.596,0.141,0.0,0.021,0.0,0.0
712,0.007,0.004,0.0,0.116,0.231,0.211,0.347,0.0,0.0,0.003,0.0,0.006,0.0,0.009,0.052,0.013,0.0
713,0.811,0.0,0.0,0.0,0.007,0.0,0.0,0.0,0.074,0.0,0.0,0.0,0.0,0.016,0.008,0.0,0.083
714,0.003,0.0,0.0,0.333,0.011,0.001,0.058,0.0,0.076,0.0,0.0,0.444,0.0,0.002,0.0,0.017,0.055
715,0.26,0.134,0.002,0.031,0.293,0.0,0.006,0.0,0.005,0.0,0.0,0.252,0.001,0.0,0.001,0.014,0.0
716,0.001,0.138,0.0,0.0,0.0,0.003,0.668,0.032,0.0,0.002,0.008,0.093,0.056,0.0,0.0,0.0,0.0
717,0.0,0.0,0.0,0.174,0.003,0.0,0.0,0.0,0.769,0.0,0.054,0.0,0.0,0.001,0.0,0.0,0.0
718,0.866,0.002,0.0,0.0,0.024,0.0,0.0,0.0,0.096,0.0,0.008,0.003,0.0,0.0,0.0,0.0,0.0
719,0.343,0.122,0.047,0.0,0.0,0.003,0.202,0.013,0.051,0.004,0.181,0.001,0.0,0.004,0.0,0.001,0.029
720,0.0,0.0,0.0,0.929,0.0,0.0,0.022,0.0,0.037,0.002,0.0,0.01,0.0,0.0,0.0,0.0,0.0
721,0.0,0.0,0.0,0.0,0.003,0.004,0.864,0.025,0.002,0.011,0.006,0.0,0.0,0.082,0.0,0.001,0.002
722,0.0,0.0,0.0,0.786,0.002,0.0,0.0,0.0,0.11,0.0,0.001,0.033,0.025,0.0,0.039,0.0,0.003
723,0.0,0.095,0.034,0.018,0.29,0.006,0.265,0.0,0.0,0.0,0.133,0.023,0.028,0.002,0.0,0.0,0.105
724,0.0,0.0,0.013,0.296,0.0,0.0,0.0,0.0,0.002,0.0,0.0,0.378,0.0,0.0,0.0,0.0,0.311
725,0.636,0.0,0.001,0.002,0.0,0.13,0.0,0.0,0.024,0.006,0.0,0.001,0.0,0.0,0.0,0.0,0.2
726,0.005,0.022,0.0,0.022,0.012,0.002,0.026,0.0,0.0,0.002,0.0,0.016,0.0,0.0,0.112,0.226,0.555
727,0.0,0.004,0.012,0.063,0.423,0.07,0.28,0.0,0.001,0.0,0.003,0.022,0.03,0.073,0.006,0.002,0.01
728,0.001,0.11,0.001,0.877,0.0,0.007,0.0,0.0,0.0,0.0,0.0,0.001,0.0,0.002,0.0,0.0,0.0
729,0.0,0.0,0.001,0.312,0.638,0.0,0.0,0.0,0.004,0.0,0.0,0.0,0.0,0.0,0.003,0.042,0.001
730,0.023,0.236,0.0,0.0,0.0,0.0,0.0,0.0,0.694,0.0,0.013,0.0,0.0,0.0,0.034,0.0,0.0
731,0.198,0.002,0.0,0.726,0.0,0.0,0.0,0.0,0.0,0.0,0.0,0.071,0.0,0.003,0.0,0.0,0.0
732,0.039,0.0,0.008,0.788,0.0,0.0,0.0,0.0,0.0,0.013,0.0,0.0,0.074,0.0,0.0,0.079,0.0
733,0.0,0.0,0.0,0.037,0.108,0.001,0.041,0.009,0.0,0.0,0.0,0.174,0.0,0.034,0.0,0.527,0.069
734,0.0,0.088,0.0,0.867,0.001,0.001,0.0,0.0,0.001,0.0,0.0,0.0,0.034,0.0,0.0,0.0,0.008
735,0.055,0.006,0.0,0.0,0.082,0.0,0.66,0.001,0.0,0.001,0.0,0.067,0.002,0.0,0.0,0.005,0.12
736,0.0,0.057,0.023,0.248,0.657,0.0,0.0,0.0,0.0,0.0,0.0,0.0,0.0,0.0,0.0,0.0,0.015
737,0.055,0.0,0.0,0.0,0.0,0.035,0.908,0.0,0.002,0.0,0.0,0.0,0.0,0.0,0.0,0.0,0.0
738,0.299,0.0,0.033,0.001,0.14,0.0,0.195,0.0,0.022,0.0,0.053,0.043,0.031,0.025,0.019,0.109,0.031
739,0.269,0.0,0.002,0.498,0.0,0.0,0.0,0.0,0.0,0.0,0.08,0.001,0.148,0.0,0.0,0.0,0.0
740,0.003,0.213,0.001,0.014,0.501,0.109,0.019,0.0,0.0,0.019,0.073,0.0,0.03,0.0,0.0,0.019,0.0
741,0.0,0.0,0.0,0.018,0.039,0.0,0.016,0.0,0.545,0.001,0.004,0.199,0.0,0.0,0.007,0.166,0.006
742,0.009,0.0,0.002,0.0,0.203,0.017,0.755,0.009,0.0,0.0,0.004,0.0,0.0,0.0,0.0,0.0,0.0
743,0.0,0.007,0.0,0.091,0.22,0.0,0.447,0.0,0.086,0.0,0.0,0.0,0.134,0.0,0.013,0.0,0.0
744,0.0,0.0,0.0,0.028,0.375,0.0,0.0,0.0,0.01,0.0,0.392,0.001,0.152,0.0,0.042,0.0,0.0
745,0.0,0.05,0.0,0.141,0.23,0.112,0.012,0.049,0.076,0.0,0.0,0.196,0.0,0.002,0.0,0.08,0.053
746,0.0,0.0,0.0,0.0,0.0,0.0,0.921,0.0,0.0,0.0,0.0,0.017,0.001,0.0,0.0,0.0,0.06
747,0.08,0.0,0.005,0.0,0.371,0.039,0.072,0.0,0.001,0.0,0.034,0.002,0.054,0.02,0.001,0.304,0.019
748,0.0,0.196,0.01,0.0,0.004,0.001,0.0,0.004,0.0,0.0,0.024,0.017,0.136,0.0,0.0,0.217,0.391
749,0.0,0.0,0.0,0.805,0.0,0.0,0.022,0.006,0.0,0.005,0.008,0.002,0.0,0.066,0.006,0.08,0.0
750,0.92,0.0,0.016,0.001,0.0,0.0,0.04,0.0,0.0,0.0,0.0,0.021,0.0,0.002,0.0,0.0,0.0
751,0.0,0.288,0.0,0.0,0.217,0.0,0.0,0.0,0.013,0.002,0.036,0.0,0.002,0.0,0.0,0.442,0.0
752,0.0,0.202,0.003,0.373,0.187,0.023,0.149,0.011,0.0,0.0,0.022,0.0,0.001,0.0,0.03,0.0,0.0
753,0.215,0.0,0.0,0.0,0.0,0.005,0.501,0.0,0.051,0.0,0.103,0.047,0.061,0.016,0.0,0.0,0.0
754,0.02,0.003,0.011,0.013,0.016,0.002,0.002,0.0,0.028,0.0,0.0,0.773,0.0,0.0,0.086,0.0,0.046
755,0.0,0.201,0.0,0.0,0.086,0.003,0.001,0.0,0.304,0.0,0.0,0.0,0.018,0.0,0.0,0.1,0.288
756,0.05,0.813,0.045,0.007,0.054,0.018,0.011,0.001,0.0,0.001,0.0,0.0,0.0,0.0,0.0,0.0,0.0
757,0.0,0.003,0.0,0.429,0.011,0.011,0.206,0.0,0.0,0.0,0.001,0.001,0.037,0.0,0.0,0.302,0.0
758,0.022,0.012,0.017,0.029,0.002,0.181,0.609,0.037,0.005,0.0,0.04,0.004,0.018,0.0,0.006,0.009,0.009
759,0.008,0.069,0.006,0.288,0.096,0.0,0.0,0.004,0.0,0.001,0.01,0.126,0.0,0.0,0.019,0.366,0.009
760,0.284,0.001,0.0,0.001,0.0,0.018,0.0,0.023,0.275,0.001,0.002,0.233,0.158,0.0,0.0,0.0,0.003
761,0.686,0.008,0.0,0.0,0.0,0.0,0.003,0.0,0.052,0.0,0.039,0.0,0.0,0.0,0.0,0.0,0.212
762,0.0,0.0,0.0,0.001,0.0,0.147,0.721,0.0,0.102,0.018,0.0,0.001,0.0,0.0,0.008,0.0,0.0
763,0.011,0.138,0.0,0.302,0.048,0.045,0.015,0.013,0.023,0.005,0.127,0.235,0.012,0.0,0.026,0.0,0.001
764,0.063,0.015,0.0,0.031,0.011,0.0,0.019,0.0,0.001,0.013,0.228,0.0,0.0,0.037,0.0,0.486,0.096
765,0.0,0.087,0.0,0.0,0.057,0.0,0.258,0.0,0.554,0.0,0.041,0.0,0.001,0.0,0.0,0.0,0.0
766,0.016,0.233,0.0,0.568,0.0,0.0,0.0,0.02,0.043,0.0,0.005,0.0,0.0,0.003,0.091,0.008,0.012
767,0.221,0.0,0.035,0.0,0.0,0.001,0.247,0.03,0.0,0.005,0.09,0.035,0.028,0.0,0.001,0.0,0.306
768,0.0,0.756,0.0,0.006,0.0,0.002,0.052,0.0,0.09,0.0,0.002,0.0,0.0,0.075,0.0,0.018,0.0
769,0.001,0.0,0.0,0.557,0.0,0.0,0.0,0.02,0.0,0.0,0.0,0.395,0.0,0.027,0.0,0.0,0.0
770,0.0,0.0,0.008,0.0,0.0,0.025,0.125,0.0,0.0,0.0,0.0,0.79,0.05,0.001,0.0,0.0,0.0
771,0.016,0.0,0.0,0.064,0.021,0.004,0.005,0.0,0.572,0.001,0.0,0.284,0.033,0.0,0.0,0.0,0.001
772,0.0,0.497,0.043,0.0,0.0,0.0,0.0,0.001,0.0,0.0,0.0,0.383,0.002,0.074,0.0,0.0,0.0
773,0.96,0.001,0.002,0.0,0.0,0.0,0.0,0.003,0.024,0.0,0.0,0.0,0.0,0.0,0.0,0.0,0.01
774,0.357,0.002,0.02,0.049,0.0,0.016,0.016,0.0,0.006,0.002,0.104,0.0,0.0,0.017,0.0,0.38,0.031
775,0.009,0.0,0.001,0.044,0.264,0.112,0.003,0.0,0.0,0.018,0.006,0.0,0.007,0.012,0.004,0.294,0.226
776,0.15,0.001,0.0,0.0,0.279,0.135,0.052,0.034,0.013,0.0,0.003,0.0,0.003,0.0,0.002,0.285,0.043
777,0.0,0.006,0.023,0.115,0.0,0.0,0.005,0.0,0.0,0.001,0.209,0.06,0.0,0.004,0.0,0.526,0.051
778,0.0,0.009,0.0,0.549,0.024,0.0,0.412,0.001,0.0,0.0,0.001,0.0,0.0,0.003,0.001,0.0,0.0
779,0.0,0.0,0.0,0.55,0.006,0.0,0.0,0.0,0.027,0.0,0.0,0.0,0.0,0.0,0.0,0.417,0.001
780,0.012,0.013,0.019,0.005,0.003,0.0,0.031,0.0,0.535,0.0,0.002,0.158,0.017,0.0,0.051,0.0,0.155
781,0.001,0.014,0.02,0.001,0.314,0.018,0.001,0.002,0.054,0.0,0.0,0.297,0.0,0.105,0.0,0.0,0.173
782,0.289,0.0,0.0,0.003,0.052,0.0,0.0,0.018,0.152,0.0,0.0,0.437,0.001,0.0,0.003,0.044,0.001
783,0.0,0.001,0.0,0.863,0.003,0.0,0.0,0.0,0.052,0.0,0.0,0.082,0.0,0.0,0.0,0.0,0.0
784,0.0,0.185,0.005,0.734,0.002,0.0,0.002,0.0,0.0,0.0,0.004,0.0,0.06,0.001,0.006,0.0,0.0
785,0.009,0.193,0.003,0.286,0.0,0.0,0.005,0.013,0.027,0.0,0.032,0.133,0.004,0.0,0.001,0.283,0.01
786,0.016,0.014,0.033,0.023,0.304,0.079,0.129,0.0,0.0,0.009,0.002,0.003,0.166,0.001,0.006,0.214,0.0
787,0.009,0.002,0.0,0.006,0.0,0.19,0.0,0.0,0.022,0.001,0.0,0.285,0.0,0.0,0.0,0.0,0.486
788,0.03,0.009,0.021,0.023,0.184,0.0,0.0,0.0,0.0,0.0,0.0,0.62,0.035,0.003,0.008,0.003,0.066
789,0.005,0.001,0.001,0.0,0.0,0.002,0.521,0.003,0.017,0.0,0.001,0.237,0.013,0.001,0.018,0.0,0.179
790,0.004,0.0,0.0,0.001,0.512,0.001,0.339,0.017,0.002,0.003,0.033,0.028,0.0,0.0,0.05,0.006,0.006
791,0.05,0.002,0.017,0.007,0.015,0.0,0.178,0.001,0.003,0.0,0.0,0.148,0.035,0.053,0.041,0.343,0.107
792,0.012,0.002,0.0,0.0,0.362,0.001,0.0,0.044,0.009,0.0,0.0,0.541,0.0,0.0,0.0,0.0,0.029
793,0.076,0.121,0.003,0.488,0.0,0.012,0.198,0.0,0.016,0.0,0.019,0.021,0.0,0.0,0.0,0.047,0.001
794,0.291,0.0,0.0,0.0,0.002,0.0,0.011,0.0,0.306,0.013,0.066,0.013,0.03,0.0,0.0,0.001,0.267
795,0.001,0.113,0.0,0.484,0.0,0.0,0.002,0.01,0.0,0.0,0.018,0.054,0.163,0.04,0.104,0.0,0.01
796,0.0,0.001,0.0,0.459,0.013,0.192,0.01,0.004,0.017,0.0,0.0,0.02,0.043,0.0,0.016,0.202,0.019
797,0.0,0.0,0.0,0.141,0.004,0.0,0.683,0.0,0.0,0.0,0.003,0.0,0.095,0.064,0.007,0.002,0.0
798,0.0,0.0,0.004,0.005,0.755,0.0,0.0,0.001,0.004,0.0,0.056,0.006,0.137,0.0,0.032,0.0,0.0
799,0.11,0.393,0.0,0.001,0.0,0.0,0.108,0.005,0.213,0.0,0.103,0.0,0.005,0.016,0.001,0.046,0.0
800,0.435,0.049,0.022,0.0,0.059,0.006,0.068,0.003,0.0,0.024,0.0,0.065,0.001,0.001,0.01,0.061,0.196
801,0.023,0.0,0.027,0.017,0.0,0.0,0.0,0.0,0.029,0.0,0.0,0.087,0.038,0.005,0.055,0.423,0.297
802,0.0,0.007,0.004,0.001,0.488,0.026,0.248,0.006,0.005,0.0,0.0,0.001,0.0,0.064,0.001,0.07,0.08
803,0.222,0.031,0.023,0.201,0.0,0.005,0.0,0.0,0.007,0.0,0.0,0.48,0.0,0.0,0.023,0.0,0.007
804,0.0,0.008,0.019,0.002,0.097,0.0,0.0,0.0,0.012,0.0,0.042,0.382,0.0,0.003,0.0,0.435,0.0
805,0.0,0.013,0.05,0.323,0.0,0.0,0.0,0.014,0.493,0.0,0.0,0.049,0.0,0.028,0.0,0.0,0.03
806,0.0,0.182,0.002,0.001,0.003,0.007,0.083,0.014,0.416,0.0,0.0,0.251,0.0,0.013,0.027,0.0,0.0
807,0.006,0.001,0.0,0.614,0.0,0.0,0.0,0.0,0.307,0.0,0.043,0.0,0.0,0.0,0.0,0.0,0.03
808,0.117,0.208,0.008,0.169,0.0,0.0,0.046,0.0,0.0,0.0,0.317,0.012,0.078,0.0,0.015,0.027,0.002
809,0.17,0.0,0.0,0.0,0.0,0.0,0.044,0.0,0.462,0.0,0.193,0.0,0.0,0.0,0.0,0.131,0.0
810,0.0,0.128,0.0,0.864,0.0,0.0,0.0,0.0,0.0,0.0,0.005,0.001,0.002,0.0,0.0,0.0,0.0
811,0.0,0.707,0.0,0.0,0.0,0.0,0.273,0.0,0.0,0.0,0.007,0.0,0.0,0.013,0.0,0.0,0.0
812,0.003,0.259,0.008,0.027,0.16,0.001,0.399,0.0,0.0,0.0,0.0,0.013,0.0,0.016,0.001,0.027,0.087
813,0.0,0.0,0.026,0.954,0.0,0.0,0.001,0.0,0.013,0.0,0.003,0.0,0.003,0.0,0.0,0.0,0.0
814,0.0,0.013,0.0,0.021,0.0,0.0,0.022,0.001,0.324,0.024,0.0,0.581,0.001,0.0,0.0,0.0,0.013
815,0.096,0.004,0.0,0.0,0.013,0.0,0.032,0.0,0.033,0.0,0.001,0.002,0.0,0.055,0.025,0.082,0.658
816,0.0,0.047,0.0,0.168,0.0,0.076,0.648,0.001,0.0,0.0,0.0,0.0,0.0,0.0,0.002,0.047,0.011
817,0.0,0.808,0.0,0.03,0.002,0.078,0.052,0.0,0.0,0.0,0.0,0.003,0.0,0.0,0.011,0.013,0.002
818,0.001,0.181,0.005,0.265,0.0,0.0,0.078,0.0,0.0,0.0,0.217,0.213,0.01,0.001,0.013,0.0,0.014
819,0.0,0.002,0.0,0.552,0.0,0.132,0.259,0.016,0.037,0.0,0.0,0.0,0.001,0.0,0.002,0.0,0.0
820,0.0,0.001,0.0,0.699,0.037,0.0,0.0,0.0,0.0,0.0,0.032,0.231,0.0,0.0,0.0,0.0,0.0
821,0.0,0.568,0.0,0.099,0.0,0.0,0.011,0.0,0.009,0.002,0.291,0.01,0.002,0.007,0.0,0.0,0.0
822,0.199,0.016,0.024,0.395,0.0,0.0,0.0,0.0,0.0,0.0,0.0,0.01,0.104,0.021,0.0,0.202,0.028
823,0.002,0.0,0.0,0.007,0.16,0.0,0.004,0.017,0.0,0.003,0.005,0.658,0.056,0.049,0.028,0.013,0.0
824,0.051,0.001,0.0,0.0,0.0,0.004,0.073,0.03,0.238,0.003,0.006,0.05,0.052,0.008,0.057,0.407,0.021
825,0.157,0.023,0.002,0.005,0.0,0.0,0.091,0.0,0.064,0.0,0.016,0.383,0.0,0.0,0.034,0.01,0.215
826,0.001,0.011,0.0,0.0,0.722,0.091,0.0,0.037,0.0,0.0,0.004,0.0,0.026,0.002,0.001,0.103,0.002
827,0.351,0.313,0.002,0.0,0.02,0.0,0.001,0.0,0.033,0.008,0.006,0.124,0.059,0.005,0.0,0.0,0.078
828,0.177,0.036,0.0,0.137,0.081,0.03,0.018,0.017,0.267,0.0,0.0,0.003,0.002,0.05,0.001,0.027,0.154
829,0.0,0.0,0.0,0.852,0.0,0.0,0.119,0.0,0.0,0.0,0.0,0.026,0.0,0.002,0.001,0.0,0.0
830,0.0,0.0,0.0,0.497,0.0,0.0,0.0,0.0,0.014,0.0,0.0,0.024,0.077,0.0,0.0,0.384,0.004
831,0.0,0.001,0.0,0.235,0.04,0.002,0.004,0.0,0.046,0.0,0.109,0.032,0.0,0.017,0.062,0.41,0.04
832,0.019,0.002,0.001,0.001,0.211,0.0,0.221,0.039,0.0,0.002,0.0,0.408,0.006,0.001,0.0,0.089,0.0
833,0.232,0.0,0.0,0.0,0.0,0.005,0.305,0.006,0.214,0.001,0.006,0.039,0.0,0.117,0.043,0.001,0.031
834,0.0,0.0,0.0,0.004,0.03,0.019,0.0,0.0,0.933,0.0,0.001,0.0,0.0,0.002,0.009,0.0,0.002
835,0.032,0.0,0.0,0.0,0.01,0.0,0.523,0.0,0.0,0.001,0.095,0.029,0.0,0.003,0.0,0.307,0.0
836,0.052,0.661,0.0,0.0,0.0,0.023,0.056,0.01,0.009,0.0,0.0,0.0,0.019,0.0,0.0,0.169,0.0
837,0.0,0.0,0.0,0.564,0.0,0.0,0.001,0.043,0.0,0.0,0.363,0.029,0.0,0.0,0.0,0.0,0.0
838,0.001,0.617,0.0,0.083,0.075,0.128,0.001,0.026,0.022,0.0,0.04,0.001,0.0,0.0,0.0,0.001,0.004
839,0.0,0.059,0.031,0.018,0.048,0.0,0.002,0.0,0.0,0.0,0.0,0.317,0.0,0.009,0.0,0.516,0.0
840,0.402,0.0,0.0,0.0,0.006,0.116,0.203,0.0,0.0,0.0,0.0,0.027,0.15,0.001,0.093,0.0,0.0
841,0.003,0.063,0.0,0.0,0.0,0.001,0.635,0.051,0.012,0.0,0.037,0.186,0.0,0.009,0.0,0.0,0.001
842,0.001,0.0,0.002,0.0,0.176,0.001,0.005,0.0,0.19,0.0,0.238,0.349,0.0,0.0,0.0,0.036,0.0
843,0.006,0.0,0.009,0.001,0.039,0.0,0.498,0.0,0.0,0.001,0.253,0.123,0.0,0.033,0.0,0.036,0.0
844,0.0,0.005,0.0,0.0,0.0,0.067,0.0,0.0,0.0,0.0,0.0,0.437,0.0,0.0,0.055,0.37,0.066
845,0.0,0.001,0.0,0.966,0.0,0.0,0.0,0.0,0.0,0.0,0.0,0.0,0.0,0.0,0.0,0.028,0.006
846,0.123,0.003,0.019,0.009,0.256,0.021,0.245,0.001,0.048,0.0,0.006,0.062,0.0,0.016,0.002,0.188,0.0
847,0.019,0.0,0.0,0.019,0.051,0.0,0.0,0.0,0.786,0.001,0.001,0.0,0.001,0.098,0.025,0.0,0.0
848,0.032,0.273,0.0,0.002,0.009,0.132,0.007,0.0,0.0,0.0,0.0,0.523,0.0,0.0,0.0,0.0,0.021
849,0.0,0.045,0.0,0.131,0.123,0.002,0.0,0.002,0.0,0.0,0.0,0.696,0.0,0.0,0.0,0.0,0.0
850,0.032,0.546,0.0,0.013,0.016,0.005,0.002,0.0,0.0,0.0,0.0,0.0,0.095,0.0,0.0,0.229,0.062
851,0.001,0.0,0.0,0.002,0.0,0.0,0.0,0.002,0.869,0.0,0.121,0.0,0.002,0.0,0.0,0.0,0.002
852,0.014,0.113,0.0,0.111,0.0,0.0,0.0,0.01,0.593,0.0,0.0,0.058,0.097,0.0,0.001,0.0,0.002
853,0.12,0.034,0.0,0.274,0.079,0.002,0.111,0.013,0.008,0.02,0.068,0.003,0.035,0.027,0.002,0.087,0.117
854,0.591,0.031,0.02,0.1,0.0,0.005,0.0,0.016,0.0,0.0,0.0,0.0,0.094,0.078,0.001,0.003,0.06
855,0.01,0.0,0.0,0.0,0.0,0.04,0.025,0.0,0.0,0.0,0.0,0.797,0.0,0.0,0.0,0.127,0.001
856,0.002,0.0,0.0,0.0,0.014,0.044,0.012,0.0,0.301,0.003,0.077,0.066,0.0,0.009,0.0,0.431,0.041
857,0.0,0.0,0.0,0.0,0.046,0.0,0.0,0.0,0.0,0.0,0.221,0.636,0.001,0.089,0.003,0.003,0.0
858,0.0,0.0,0.0,0.0,0.109,0.0,0.506,0.0,0.35,0.014,0.013,0.0,0.004,0.0,0.0,0.0,0.004
859,0.255,0.086,0.052,0.0,0.028,0.0,0.001,0.0,0.0,0.0,0.086,0.054,0.0,0.002,0.0,0.436,0.0
860,0.001,0.633,0.053,0.0,0.0,0.0,0.002,0.0,0.002,0.0,0.014,0.295,0.0,0.0,0.0,0.0,0.0
861,0.914,0.0,0.0,0.0,0.0,0.001,0.001,0.016,0.0,0.01,0.0,0.0,0.019,0.001,0.039,0.0,0.0
862,0.425,0.0,0.027,0.0,0.0,0.0,0.008,0.0,0.378,0.0,0.0,0.161,0.0,0.0,0.0,0.0,0.0
863,0.218,0.132,0.0,0.087,0.281,0.069,0.0,0.049,0.038,0.005,0.104,0.0,0.001,0.007,0.009,0.0,0.0
864,0.01,0.086,0.001,0.0,0.061,0.002,0.0,0.0,0.0,0.0,0.001,0.717,0.081,0.031,0.0,0.0,0.01
865,0.0,0.0,0.05,0.411,0.053,0.209,0.0,0.0,0.112,0.023,0.006,0.001,0.11,0.001,0.0,0.0,0.025
866,0.004,0.0,0.001,0.0,0.693,0.0,0.0,0.0,0.0,0.0,0.015,0.0,0.002,0.0,0.0,0.285,0.0
867,0.011,0.0,0.0,0.0,0.368,0.0,0.016,0.0,0.0,0.0,0.0,0.599,0.0,0.0,0.001,0.0,0.004
868,0.0,0.013,0.019,0.0,0.0,0.011,0.421,0.0,0.477,0.0,0.0,0.031,0.002,0.006,0.001,0.013,0.006
869,0.0,0.0,0.0,0.011,0.006,0.018,0.11,0.0,0.0,0.0,0.036,0.007,0.005,0.001,0.09,0.371,0.345
870,0.008,0.225,0.0,0.005,0.091,0.0,0.008,0.0,0.525,0.0,0.0,0.129,0.0,0.001,0.007,0.0,0.0
871,0.05,0.0,0.001,0.013,0.339,0.009,0.131,0.001,0.009,0.0,0.0,0.0,0.045,0.006,0.011,0.33,0.055
872,0.004,0.068,0.03,0.029,0.238,0.0,0.001,0.015,0.0,0.003,0.0,0.0,0.0,0.0,0.0,0.302,0.31
873,0.009,0.0,0.0,0.726,0.0,0.0,0.006,0.0,0.026,0.0,0.0,0.01,0.175,0.002,0.0,0.013,0.033
874,0.076,0.036,0.0,0.221,0.391,0.0,0.034,0.006,0.001,0.0,0.002,0.213,0.005,0.008,0.003,0.001,0.005
875,0.0,0.357,0.0,0.0,0.0,0.0,0.209,0.0,0.202,0.0,0.0,0.224,0.0,0.0,0.0,0.007,0.0
876,0.0,0.882,0.026,0.0,0.0,0.0,0.0,0.009,0.005,0.0,0.0,0.0,0.073,0.0,0.005,0.0,0.0
877,0.033,0.0,0.0,0.0,0.0,0.0,0.0,0.0,0.015,0.002,0.312,0.002,0.12,0.044,0.0,0.353,0.12
878,0.0,0.233,0.0,0.582,0.049,0.058,0.008,0.0,0.0,0.001,0.03,0.003,0.019,0.003,0.013,0.001,0.001
879,0.69,0.0,0.0,0.0,0.0,0.008,0.0,0.0,0.066,0.002,0.0,0.234,0.0,0.0,0.0,0.0,0.0
880,0.759,0.0,0.017,0.0,0.001,0.0,0.089,0.0,0.013,0.0,0.0,0.0,0.091,0.0,0.0,0.0,0.03
881,0.09,0.0,0.016,0.004,0.552,0.101,0.142,0.005,0.0,0.001,0.004,0.08,0.001,0.002,0.0,0.0,0.004
882,0.547,0.159,0.001,0.015,0.257,0.0,0.0,0.0,0.003,0.0,0.0,0.0,0.019,0.0,0.0,0.0,0.0
883,0.002,0.0,0.024,0.048,0.198,0.008,0.048,0.0,0.036,0.001,0.234,0.001,0.077,0.003,0.001,0.27,0.048
884,0.029,0.001,0.0,0.002,0.0,0.0,0.0,0.0,0.915,0.0,0.0,0.0,0.0,0.0,0.054,0.0,0.0
885,0.0,0.0,0.026,0.217,0.0,0.004,0.001,0.0,0.0,0.008,0.065,0.0,0.003,0.0,0.001,0.072,0.604
886,0.0,0.0,0.0,0.453,0.094,0.0,0.023,0.001,0.008,0.005,0.018,0.002,0.0,0.0,0.009,0.385,0.0
887,0.106,0.064,0.0,0.595,0.0,0.003,0.018,0.0,0.0,0.001,0.0,0.066,0.0,0.0,0.087,0.061,0.0
888,0.115,0.0,0.0,0.509,0.1,0.0,0.0,0.0,0.233,0.0,0.0,0.0,0.0,0.0,0.035,0.008,0.0
889,0.003,0.619,0.001,0.028,0.0,0.001,0.025,0.055,0.001,0.001,0.0,0.182,0.002,0.0,0.021,0.059,0.001
890,0.0,0.094,0.0,0.001,0.0,0.0,0.0,0.0,0.851,0.0,0.0,0.0,0.055,0.0,0.0,0.0,0.0
891,0.269,0.0,0.011,0.005,0.245,0.185,0.058,0.009,0.039,0.0,0.001,0.013,0.062,0.001,0.002,0.02,0.081
892,0.102,0.001,0.015,0.165,0.0,0.0,0.003,0.0,0.0,0.0,0.003,0.138,0.0,0.0,0.061,0.053,0.459
893,0.0,0.084,0.021,0.288,0.0,0.011,0.013,0.0,0.396,0.0,0.022,0.163,0.0,0.0,0.001,0.0,0.002
894,0.0,0.028,0.0,0.645,0.052,0.0,0.0,0.0,0.0,0.025,0.0,0.0,0.009,0.0,0.0,0.0,0.24
895,0.001,0.0,0.0,0.0,0.0,0.0,0.0,0.006,0.714,0.0,0.0,0.0,0.0,0.0,0.0,0.28,0.0
896,0.707,0.021,0.008,0.014,0.0,0.043,0.002,0.001,0.188,0.01,0.001,0.004,0.0,0.0,0.0,0.0,0.001
897,0.006,0.0,0.015,0.204,0.043,0.0,0.132,0.032,0.46,0.0,0.045,0.0,0.003,0.05,0.001,0.009,0.001
898,0.61,0.0,0.0,0.099,0.0,0.0,0.06,0.001,0.004,0.0,0.009,0.158,0.0,0.051,0.0,0.0,0.009
899,0.0,0.009,0.0,0.0,0.0,0.0,0.934,0.0,0.0,0.0,0.056,0.0,0.0,0.0,0.0,0.0,0.001
900,0.001,0.011,0.042,0.0,0.029,0.0,0.0,0.048,0.001,0.0,0.384,0.0,0.0,0.008,0.0,0.0,0.476
901,0.025,0.0,0.0,0.0,0.0,0.0,0.958,0.013,0.0,0.0,0.0,0.0,0.0,0.0,0.0,0.0,0.003
902,0.011,0.1,0.039,0.252,0.392,0.0,0.12,0.003,0.014,0.0,0.048,0.0,0.008,0.0,0.001,0.0,0.01
903,0.2,0.0,0.0,0.0,0.0,0.002,0.0,0.0,0.619,0.0,0.0,0.176,0.0,0.0,0.002,0.0,0.0
904,0.039,0.002,0.003,0.0,0.083,0.006,0.0,0.0,0.862,0.0,0.0,0.0,0.0,0.001,0.002,0.0,0.0
905,0.0,0.169,0.024,0.0,0.19,0.0,0.079,0.0,0.175,0.0,0.163,0.071,0.004,0.103,0.01,0.0,0.009
906,0.083,0.0,0.0,0.005,0.127,0.0,0.004,0.036,0.02,0.0,0.007,0.712,0.0,0.0,0.0,0.007,0.0
907,0.0,0.0,0.001,0.0,0.0,0.0,0.385,0.0,0.2,0.0,0.0,0.001,0.003,0.0,0.003,0.332,0.073
908,0.0,0.747,0.0,0.013,0.0,0.0,0.0,0.0,0.0,0.0,0.003,0.0,0.001,0.0,0.0,0.237,0.0
909,0.071,0.397,0.031,0.065,0.014,0.0,0.247,0.003,0.006,0.019,0.001,0.016,0.056,0.0,0.029,0.042,0.002
910,0.0,0.028,0.015,0.125,0.07,0.003,0.226,0.036,0.002,0.0,0.018,0.199,0.15,0.106,0.022,0.001,0.002
911,0.057,0.0,0.009,0.042,0.19,0.088,0.021,0.0,0.454,0.0,0.003,0.034,0.002,0.0,0.07,0.029,0.0
912,0.0,0.0,0.0,0.0,0.002,0.0,0.002,0.0,0.0,0.0,0.389,0.004,0.021,0.005,0.005,0.0,0.571
913,0.0,0.008,0.001,0.404,0.049,0.0,0.0,0.0,0.007,0.0,0.0,0.035,0.018,0.106,0.0,0.371,0.0
914,0.029,0.001,0.0,0.0,0.0,0.0,0.567,0.0,0.0,0.0,0.0,0.059,0.0,0.0,0.0,0.345,0.0
915,0.007,0.022,0.0,0.032,0.006,0.008,0.005,0.0,0.0,0.007,0.0,0.544,0.0,0.0,0.0,0.37,0.0
916,0.0,0.028,0.029,0.002,0.133,0.18,0.232,0.0,0.0,0.0,0.053,0.0,0.0,0.0,0.078,0.134,0.131
917,0.008,0.541,0.0,0.394,0.0,0.0,0.017,0.0,0.0,0.0,0.0,0.0,0.0,0.0,0.04,0.0,0.0
918,0.001,0.039,0.0,0.048,0.326,0.0,0.0,0.0,0.477,0.001,0.0,0.0,0.0,0.0,0.0,0.109,0.0
919,0.003,0.0,0.0,0.0,0.001,0.059,0.001,0.0,0.003,0.004,0.148,0.003,0.001,0.0,0.0,0.339,0.437
920,0.252,0.566,0.0,0.0,0.0,0.024,0.0,0.013,0.0,0.0,0.0,0.041,0.0,0.1,0.0,0.004,0.0
921,0.558,0.0,0.0,0.02,0.0,0.0,0.0,0.0,0.288,0.0,0.011,0.118,0.002,0.0,0.0,0.0,0.002
922,0.125,0.02,0.034,0.794,0.02,0.0,0.0,0.0,0.0,0.0,0.005,0.0,0.001,0.0,0.0,0.0,0.0
923,0.002,0.028,0.0,0.04,0.0,0.0,0.0,0.0,0.358,0.009,0.0,0.083,0.043,0.0,0.0,0.434,0.004
924,0.176,0.0,0.001,0.072,0.06,0.001,0.134,0.007,0.283,0.0,0.026,0.022,0.0,0.008,0.049,0.152,0.011
925,0.022,0.097,0.0,0.035,0.019,0.034,0.004,0.006,0.096,0.013,0.004,0.312,0.053,0.032,0.047,0.224,0.0
926,0.001,0.223,0.028,0.0,0.149,0.0,0.0,0.047,0.007,0.001,0.0,0.0,0.0,0.0,0.0,0.302,0.241
927,0.001,0.0,0.025,0.0,0.0,0.04,0.0,0.0,0.079,0.0,0.0,0.0,0.0,0.007,0.0,0.309,0.538
928,0.696,0.003,0.001,0.037,0.0,0.0,0.0,0.001,0.0,0.0,0.0,0.146,0.0,0.0,0.0,0.0,0.116
929,0.0,0.124,0.001,0.466,0.001,0.081,0.0,0.02,0.002,0.009,0.001,0.0,0.008,0.023,0.001,0.04,0.226
930,0.059,0.01,0.001,0.056,0.0,0.042,0.0,0.0,0.001,0.0,0.0,0.612,0.039,0.056,0.0,0.006,0.117
931,0.175,0.101,0.048,0.013,0.176,0.008,0.043,0.0,0.0,0.001,0.012,0.398,0.021,0.002,0.0,0.0,0.002
932,0.393,0.0,0.001,0.247,0.002,0.0,0.251,0.0,0.0,0.0,0.019,0.066,0.001,0.005,0.009,0.0,0.006
933,0.057,0.007,0.0,0.004,0.0,0.0,0.54,0.0,0.255,0.002,0.027,0.094,0.001,0.0,0.004,0.005,0.002
934,0.87,0.0,0.0,0.0,0.0,0.0,0.003,0.0,0.0,0.0,0.0,0.0,0.126,0.0,0.0,0.0,0.0
935,0.0,0.046,0.0,0.057,0.645,0.001,0.004,0.003,0.002,0.0,0.125,0.002,0.045,0.028,0.004,0.019,0.019
936,0.004,0.002,0.0,0.007,0.0,0.003,0.0,0.0,0.28,0.0,0.188,0.393,0.0,0.0,0.0,0.07,0.053
937,0.0,0.0,0.0,0.701,0.002,0.0,0.0,0.0,0.0,0.0,0.0,0.0,0.0,0.0,0.0,0.296,0.0
938,0.002,0.0,0.002,0.745,0.052,0.082,0.0,0.004,0.03,0.0,0.016,0.001,0.017,0.0,0.021,0.027,0.0
939,0.0,0.008,0.009,0.0,0.001,0.003,0.693,0.042,0.085,0.015,0.05,0.018,0.006,0.0,0.03,0.003,0.037
940,0.0,0.002,0.0,0.003,0.011,0.002,0.003,0.049,0.114,0.001,0.0,0.669,0.026,0.0,0.012,0.108,0.002
941,0.153,0.0,0.031,0.103,0.0,0.119,0.312,0.0,0.0,0.0,0.171,0.005,0.0,0.002,0.086,0.0,0.017
942,0.0,0.036,0.009,0.017,0.002,0.0,0.21,0.0,0.161,0.001,0.0,0.344,0.056,0.0,0.0,0.133,0.03
943,0.0,0.001,0.04,0.292,0.0,0.214,0.07,0.0,0.003,0.0,0.0,0.062,0.115,0.018,0.009,0.107,0.068
944,0.0,0.0,0.046,0.767,0.095,0.0,0.09,0.0,0.0,0.0,0.002,0.0,0.0,0.0,0.0,0.0,0.0
945,0.001,0.0,0.0,0.0,0.0,0.0,0.0,0.002,0.0,0.0,0.008,0.984,0.0,0.0,0.0,0.006,0.0
946,0.0,0.003,0.0,0.111,0.003,0.163,0.0,0.0,0.683,0.0,0.0,0.015,0.0,0.0,0.022,0.0,0.0
947,0.268,0.0,0.0,0.356,0.023,0.017,0.0,0.003,0.004,0.0,0.048,0.0,0.0,0.0,0.03,0.0,0.249
948,0.0,0.0,0.031,0.0,0.103,0.0,0.0,0.001,0.002,0.0,0.388,0.018,0.061,0.078,0.093,0.163,0.062
949,0.79,0.0,0.01,0.001,0.163,0.002,0.0,0.031,0.0,0.002,0.0,0.0,0.0,0.0,0.0,0.0,0.0
950,0.0,0.364,0.0,0.0,0.259,0.001,0.0,0.042,0.053,0.0,0.184,0.025,0.0,0.008,0.021,0.0,0.045
951,0.373,0.0,0.0,0.406,0.0,0.0,0.142,0.0,0.0,0.0,0.0,0.005,0.022,0.003,0.0,0.048,0.0
952,0.0,0.0,0.042,0.0,0.0,0.167,0.0,0.0,0.714,0.001,0.001,0.0,0.024,0.0,0.0,0.0,0.051
953,0.095,0.0,0.0,0.001,0.684,0.004,0.002,0.0,0.0,0.0,0.162,0.0,0.001,0.023,0.0,0.0,0.03
954,0.0,0.307,0.0,0.01,0.546,0.001,0.084,0.009,0.022,0.0,0.0,0.0,0.02,0.001,0.001,0.0,0.0
955,0.009,0.162,0.05,0.003,0.094,0.053,0.316,0.001,0.022,0.0,0.118,0.001,0.0,0.002,0.11,0.005,0.056
956,0.062,0.661,0.03,0.001,0.005,0.0,0.099,0.0,0.0,0.019,0.0,0.082,0.0,0.011,0.0,0.019,0.01
957,0.638,0.012,0.001,0.065,0.052,0.0,0.005,0.0,0.013,0.005,0.167,0.004,0.003,0.002,0.016,0.017,0.0
958,0.298,0.135,0.0,0.002,0.003,0.214,0.0,0.005,0.0,0.001,0.006,0.127,0.047,0.0,0.0,0.0,0.162
959,0.015,0.001,0.0,0.001,0.696,0.018,0.017,0.012,0.0,0.0,0.028,0.087,0.003,0.0,0.011,0.004,0.107
960,0.005,0.054,0.0,0.001,0.445,0.001,0.015,0.0,0.32,0.0,0.024,0.003,0.0,0.0,0.012,0.0,0.121
961,0.0,0.02,0.0,0.905,0.008,0.0,0.0,0.0,0.0,0.003,0.063,0.0,0.0,0.0,0.001,0.0,0.0
962,0.116,0.008,0.0,0.001,0.126,0.0,0.0,0.0,0.017,0.0,0.164,0.0,0.0,0.069,0.04,0.31,0.148
963,0.313,0.0,0.016,0.062,0.022,0.004,0.01,0.016,0.0,0.0,0.297,0.127,0.0,0.001,0.002,0.03,0.099
964,0.12,0.377,0.0,0.065,0.016,0.144,0.081,0.003,0.045,0.005,0.074,0.014,0.049,0.002,0.0,0.0,0.006
965,0.905,0.0,0.0,0.0,0.0,0.0,0.0,0.0,0.069,0.0,0.0,0.0,0.005,0.02,0.0,0.0,0.0
966,0.005,0.018,0.001,0.0,0.0,0.18,0.01,0.0,0.0,0.0,0.0,0.662,0.0,0.023,0.029,0.015,0.055
967,0.117,0.0,0.0,0.294,0.024,0.0,0.017,0.0,0.061,0.0,0.0,0.0,0.0,0.0,0.045,0.052,0.389
968,0.002,0.145,0.0,0.07,0.029,0.0,0.12,0.01,0.028,0.0,0.0,0.558,0.014,0.001,0.0,0.022,0.0
969,0.016,0.002,0.002,0.078,0.333,0.0,0.44,0.001,0.0,0.001,0.013,0.005,0.008,0.08,0.0,0.021,0.0
970,0.0,0.0,0.0,0.0,0.0,0.0,0.959,0.0,0.0,0.0,0.0,0.007,0.0,0.0,0.001,0.0,0.033
971,0.763,0.004,0.0,0.003,0.0,0.0,0.0,0.0,0.0,0.0,0.0,0.106,0.043,0.0,0.005,0.076,0.0
972,0.014,0.0,0.0,0.274,0.0,0.19,0.006,0.005,0.006,0.0,0.183,0.066,0.003,0.003,0.007,0.053,0.19
973,0.06,0.047,0.0,0.0,0.003,0.0,0.119,0.0,0.0,0.0,0.0,0.572,0.004,0.0,0.039,0.152,0.005
974,0.0,0.489,0.0,0.0,0.026,0.0,0.011,0.021,0.036,0.0,0.003,0.012,0.009,0.0,0.006,0.379,0.007
975,0.06,0.153,0.0,0.0,0.0,0.0,0.219,0.015,0.015,0.0,0.0,0.0,0.0,0.084,0.0,0.441,0.013
976,0.0,0.0,0.0,0.0,0.016,0.001,0.041,0.008,0.552,0.0,0.0,0.056,0.001,0.01,0.001,0.313,0.0
977,0.003,0.046,0.001,0.006,0.0,0.0,0.581,0.002,0.013,0.001,0.005,0.012,0.018,0.116,0.0,0.0,0.196
978,0.013,0.038,0.0,0.061,0.568,0.166,0.0,0.002,0.0,0.0,0.0,0.0,0.043,0.033,0.076,0.0,0.0
979,0.0,0.011,0.0,0.017,0.256,0.0,0.487,0.0,0.0,0.021,0.005,0.003,0.001,0.0,0.01,0.144,0.046
980,0.719,0.0,0.0,0.0,0.028,0.0,0.001,0.0,0.096,0.0,0.0,0.0,0.053,0.015,0.0,0.0,0.087
981,0.591,0.0,0.0,0.0,0.0,0.0,0.0,0.0,0.006,0.0,0.115,0.276,0.0,0.0,0.009,0.003,0.0
982,0.034,0.0,0.0,0.083,0.268,0.036,0.0,0.0,0.319,0.0,0.0,0.253,0.004,0.002,0.0,0.0,0.0
983,0.0,0.0,0.0,0.019,0.184,0.211,0.155,0.003,0.001,0.0,0.067,0.019,0.016,0.0,0.029,0.0,0.295
984,0.0,0.666,0.001,0.0,0.0,0.0,0.004,0.017,0.045,0.011,0.138,0.004,0.003,0.002,0.002,0.0,0.106
985,0.343,0.056,0.044,0.149,0.103,0.002,0.001,0.003,0.0,0.001,0.233,0.001,0.0,0.025,0.032,0.0,0.007
986,0.054,0.236,0.0,0.014,0.226,0.208,0.0,0.0,0.002,0.001,0.0,0.242,0.013,0.0,0.0,0.0,0.004
987,0.002,0.0,0.0,0.001,0.007,0.229,0.023,0.001,0.338,0.0,0.0,0.0,0.0,0.061,0.064,0.272,0.0
988,0.0,0.0,0.006,0.0,0.0,0.0,0.0,0.0,0.0,0.0,0.003,0.525,0.0,0.0,0.0,0.343,0.124
989,0.818,0.0,0.001,0.029,0.004,0.0,0.015,0.03,0.001,0.001,0.054,0.0,0.0,0.0,0.003,0.009,0.035
990,0.0,0.0,0.0,0.03,0.001,0.0,0.244,0.0,0.136,0.021,0.0,0.302,0.0,0.0,0.002,0.262,0.0
991,0.35,0.0,0.01,0.0,0.0,0.0,0.101,0.029,0.402,0.0,0.0,0.081,0.0,0.028,0.0,0.0,0.0
992,0.177,0.032,0.022,0.004,0.018,0.151,0.007,0.0,0.0,0.0,0.0,0.0,0.0,0.0,0.02,0.0,0.569
993,0.003,0.0,0.0,0.004,0.0,0.0,0.06,0.0,0.427,0.0,0.05,0.002,0.0,0.004,0.0,0.023,0.425
994,0.261,0.0,0.006,0.0,0.221,0.0,0.003,0.0,0.0,0.0,0.0,0.502,0.0,0.007,0.0,0.0,0.0
995,0.056,0.0,0.003,0.825,0.001,0.0,0.001,0.022,0.005,0.0,0.0,0.01,0.001,0.0,0.076,0.0,0.0
996,0.0,0.0,0.0,0.072,0.0,0.061,0.501,0.035,0.0,0.0,0.0,0.0,0.033,0.001,0.041,0.003,0.252
997,0.403,0.0,0.0,0.0,0.568,0.001,0.0,0.0,0.003,0.0,0.0,0.009,0.001,0.0,0.001,0.014,0.0
998,0.003,0.0,0.009,0.031,0.001,0.0,0.0,0.0,0.0,0.0,0.001,0.933,0.003,0.002,0.016,0.0,0.0
999,0.301,0.049,0.007,0.01,0.128,0.082,0.062,0.003,0.18,0.0,0.142,0.028,0.009,0.0,0.0,0.0,0.0
1000,0.0,0.992,0.001,0.0,0.0,0.0,0.0,0.0,0.0,0.006,0.0,0.0,0.0,0.0,0.0,0.0,0.001
